['NOSE', [669, 688], [669, 679], [664, 666], [658, 666], [645, 662], [644, 661], [647, 669], [650, 675], [652, 674], [656, 645], [656, 589], [652, 516], [657, 443], [657, 384], [657, 335], [661, 300], [665, 277], [673, 270], [674, 264], [673, 260], [669, 249], [660, 241], [645, 232], [633, 219], [617, 213], [607, 199], [600, 181], [590, 165], [581, 143], [575, 112], [576, 87], [582, 60], [582, 12], [583, -13], [582, -5], [582, -20], [582, -33], [618, -67], [902, 499], [996, 558], [975, 266], [790, 256], [817, 128], [840, 92], [729, 145], [765, 166], [700, 197], [734, 213], [667, 225], [654, 311], [649, 351], [648, 431], [743, -15], [740, -13], [739, -14], [739, -11], [738, -8], [734, 2], [724, 21], [718, 30], [711, 35], [711, 39], [711, 37], [708, 42], [709, 47], [710, 49], [714, 54], [730, 66], [738, 69], [744, 82], [756, 93], [764, 98], [777, 98], [779, 102], [775, 101], [780, 104], [778, 107], [771, 110], [766, 109], [754, 107], [738, 106], [728, 108], [715, 111], [702, 115], [687, 120], [674, 124], [667, 129], [660, 130], [657, 130], [652, 132], [655, 133], [652, 134], [655, 134], [660, 135], [661, 138], [667, 139], [683, 138], [698, 137], [704, 134], [716, 133], [727, 130], [727, 128], [723, 127], [723, 126], [723, 126], [720, 126], [720, 127], [719, 131], [718, 132], [717, 133], [715, 132], [713, 132], [712, 132], [710, 132], [706, 132], [702, 132], [703, 132], [703, 132], [704, 129], [715, 127], [726, 126], [724, 126], [722, 130], [721, 133], [725, 134], [736, 131], [740, 130], [749, 128], [756, 127], [758, 124], [759, 122], [760, 122], [765, 122], [761, 123], [761, 123], [763, 123], [767, 122], [766, 122], [765, 122], [767, 121], [766, 123], [764, 124], [759, 126], [753, 128], [748, 130], [745, 130], [741, 130], [739, 130], [733, 130], [731, 132], [724, 134], [721, 134], [723, 134], [725, 133], [726, 131], [731, 130], [744, 129], [753, 128], [763, 126], [771, 125], [772, 125], [771, 126], [768, 126], [769, 127], [770, 128], [773, 128], [771, 129], [770, 127], [770, 127], [765, 128], [763, 128], [762, 128], [762, 128], [761, 127], [761, 126], [761, 123], [760, 123], [760, 122], [761, 117], [761, 116], [761, 113], [758, 113], [756, 112], [749, 112], [747, 112], [743, 113], [733, 113], [729, 116], [725, 118], [726, 120], [728, 120], [728, 119], [738, 114], [751, 111], [760, 108], [762, 108], [763, 108], [762, 108], [765, 109], [765, 108], [764, 107], [761, 107], [746, 107], [734, 105], [712, 104], [692, 104], [669, 107], [644, 107], [627, 103], [618, 100], [611, 97], [610, 95], [608, 94], [612, 95], [618, 96], [621, 97], [623, 100], [626, 107], [628, 115], [633, 121], [639, 123], [643, 123], [647, 122], [651, 121], [654, 121], [653, 120], [652, 116], [651, 115], [650, 115], [647, 114], [646, 114], [647, 112], [651, 107], [656, 107], [656, 105], [658, 103], [658, 101], [658, 100], [658, 98], [658, 98], [661, 98], [664, 98], [665, 98], [664, 98], [666, 101], [670, 104], [675, 105], [678, 110], [679, 115], [681, 119], [682, 120], [683, 118], [685, 118], [685, 118], [685, 114], [685, 114], [684, 113], [682, 111], [679, 108], [675, 100], [679, 98], [681, 92], [679, 88], [673, 87], [667, 81], [662, 74], [660, 63], [657, 51], [657, 35], [656, 27], [658, 20], [662, 13], [672, 3], [681, -1], [697, -3], [720, -11], [744, -20], [763, -30], [792, -48], [818, -59], [831, -54], [827, -61], [820, -71], [831, -90], [832, -103], [842, -92], [876, -108], [899, -120], [914, -85]]
['LEFT_EYE_INNER', [680, 667], [683, 659], [677, 645], [672, 647], [658, 645], [657, 639], [661, 643], [665, 644], [667, 646], [672, 618], [672, 564], [668, 495], [670, 426], [671, 361], [671, 315], [675, 282], [678, 257], [685, 249], [687, 244], [687, 239], [686, 227], [678, 219], [663, 211], [648, 197], [629, 189], [618, 176], [611, 157], [603, 140], [595, 117], [591, 84], [593, 56], [600, 22], [601, -31], [602, -57], [599, -35], [598, -47], [598, -63], [630, -90], [920, 566], [1042, 601], [960, 286], [784, 282], [822, 177], [835, 113], [742, 171], [767, 186], [688, 221], [731, 240], [661, 241], [639, 341], [640, 382], [635, 476], [738, -25], [737, -24], [741, -24], [743, -20], [744, -18], [743, -10], [735, 5], [729, 13], [722, 19], [721, 23], [721, 22], [719, 28], [720, 32], [722, 34], [725, 39], [737, 50], [746, 56], [754, 69], [767, 80], [776, 85], [787, 86], [790, 89], [787, 88], [791, 92], [789, 93], [783, 97], [777, 96], [764, 94], [748, 94], [737, 96], [723, 98], [709, 102], [694, 107], [680, 111], [673, 115], [666, 116], [662, 116], [658, 118], [660, 119], [658, 119], [660, 119], [665, 120], [667, 123], [672, 124], [689, 123], [704, 123], [710, 120], [722, 117], [733, 114], [734, 113], [730, 112], [729, 112], [729, 112], [726, 112], [723, 112], [722, 116], [722, 117], [720, 118], [719, 118], [717, 117], [716, 117], [713, 117], [709, 117], [706, 117], [707, 117], [707, 117], [708, 115], [719, 113], [729, 111], [728, 112], [727, 115], [726, 118], [732, 118], [743, 117], [747, 116], [756, 115], [762, 115], [764, 113], [767, 111], [768, 111], [772, 110], [769, 111], [769, 111], [770, 111], [774, 109], [773, 108], [773, 108], [774, 107], [773, 109], [771, 110], [767, 112], [759, 115], [753, 117], [748, 117], [745, 117], [743, 117], [738, 117], [735, 118], [729, 120], [725, 120], [727, 119], [729, 118], [731, 117], [738, 116], [751, 115], [759, 114], [769, 112], [777, 112], [779, 112], [778, 112], [776, 113], [777, 113], [778, 114], [780, 115], [778, 116], [777, 116], [777, 116], [774, 117], [773, 117], [771, 117], [769, 116], [768, 114], [767, 112], [767, 108], [766, 108], [766, 107], [767, 102], [767, 101], [767, 99], [766, 99], [765, 98], [759, 98], [757, 99], [753, 99], [742, 99], [737, 102], [733, 104], [734, 105], [736, 105], [737, 104], [745, 100], [759, 98], [768, 95], [770, 95], [771, 95], [770, 95], [773, 95], [773, 94], [772, 94], [768, 94], [753, 94], [741, 93], [718, 92], [697, 92], [673, 94], [651, 94], [633, 91], [623, 88], [616, 85], [614, 83], [611, 82], [614, 82], [620, 82], [622, 83], [627, 86], [629, 92], [629, 99], [632, 105], [636, 108], [639, 108], [642, 107], [645, 106], [649, 105], [649, 105], [650, 102], [649, 100], [649, 100], [649, 100], [649, 100], [653, 99], [660, 95], [664, 94], [663, 92], [666, 90], [666, 88], [665, 87], [665, 86], [665, 86], [668, 86], [671, 86], [671, 86], [671, 86], [672, 87], [675, 88], [679, 89], [681, 93], [683, 99], [685, 103], [685, 104], [685, 103], [687, 102], [688, 101], [688, 97], [688, 97], [688, 97], [688, 96], [687, 94], [685, 87], [686, 83], [686, 78], [686, 74], [682, 72], [677, 65], [672, 57], [671, 46], [667, 34], [667, 19], [667, 11], [672, 3], [676, -3], [684, -8], [690, -14], [706, -16], [730, -19], [751, -23], [768, -36], [796, -55], [814, -72], [822, -68], [826, -85], [822, -99], [839, -107], [834, -114], [848, -114], [881, -136], [898, -143], [926, -133]]
['LEFT_EYE', [691, 672], [693, 658], [685, 643], [680, 647], [666, 644], [666, 638], [669, 644], [671, 647], [673, 647], [682, 617], [682, 563], [678, 492], [679, 425], [679, 361], [680, 315], [684, 282], [687, 257], [694, 250], [696, 245], [696, 239], [696, 227], [689, 219], [676, 211], [660, 197], [641, 188], [630, 175], [623, 157], [615, 139], [608, 115], [604, 83], [608, 55], [613, 19], [616, -30], [618, -57], [612, -34], [609, -45], [610, -61], [641, -85], [848, 546], [1036, 600], [1033, 285], [799, 280], [819, 180], [828, 109], [743, 168], [764, 184], [683, 219], [722, 237], [654, 242], [626, 341], [629, 382], [620, 477], [734, -23], [735, -22], [744, -22], [748, -19], [751, -16], [750, -9], [742, 5], [737, 13], [730, 20], [729, 23], [728, 23], [726, 28], [727, 33], [729, 35], [732, 40], [743, 51], [751, 57], [759, 70], [773, 81], [781, 87], [792, 87], [794, 90], [792, 89], [795, 93], [794, 95], [788, 98], [781, 96], [768, 95], [753, 94], [742, 96], [728, 98], [713, 101], [698, 107], [685, 110], [677, 114], [671, 115], [667, 115], [662, 117], [664, 117], [662, 118], [664, 118], [669, 119], [671, 121], [677, 122], [694, 122], [709, 121], [716, 118], [727, 116], [739, 112], [739, 111], [734, 111], [734, 110], [733, 110], [730, 111], [726, 111], [725, 115], [725, 116], [722, 116], [721, 116], [719, 116], [718, 116], [715, 116], [711, 116], [709, 116], [709, 116], [710, 116], [712, 113], [723, 111], [733, 109], [733, 110], [731, 113], [730, 116], [736, 116], [747, 115], [752, 115], [761, 114], [766, 114], [768, 113], [771, 111], [773, 111], [776, 111], [773, 111], [773, 110], [774, 110], [779, 108], [779, 107], [778, 106], [779, 106], [778, 107], [776, 108], [771, 111], [763, 114], [756, 116], [751, 116], [748, 116], [746, 116], [742, 116], [739, 117], [733, 118], [728, 118], [731, 117], [734, 116], [735, 115], [742, 114], [755, 113], [764, 112], [774, 111], [782, 111], [784, 111], [783, 111], [781, 112], [782, 112], [783, 113], [785, 114], [783, 116], [782, 115], [782, 115], [780, 116], [779, 116], [777, 116], [774, 114], [772, 112], [772, 110], [772, 107], [771, 106], [771, 105], [772, 101], [772, 100], [772, 98], [771, 98], [769, 97], [764, 98], [761, 98], [758, 98], [747, 98], [742, 101], [738, 103], [739, 104], [741, 104], [742, 103], [750, 100], [765, 98], [774, 95], [776, 95], [777, 95], [776, 95], [779, 96], [778, 94], [777, 95], [772, 94], [758, 94], [745, 93], [722, 92], [700, 92], [677, 95], [656, 95], [638, 92], [627, 89], [620, 85], [617, 83], [614, 82], [617, 83], [623, 83], [626, 84], [629, 86], [632, 91], [633, 99], [634, 105], [637, 107], [639, 108], [641, 106], [645, 106], [648, 105], [650, 105], [651, 102], [650, 100], [651, 100], [651, 100], [652, 100], [657, 100], [664, 96], [669, 95], [667, 92], [670, 91], [670, 89], [669, 88], [670, 87], [670, 86], [673, 87], [676, 87], [676, 87], [675, 87], [676, 87], [678, 89], [682, 89], [685, 93], [686, 99], [688, 103], [688, 103], [688, 102], [691, 102], [691, 101], [691, 97], [691, 96], [692, 96], [692, 96], [692, 94], [690, 87], [690, 83], [691, 78], [690, 74], [687, 72], [684, 65], [680, 57], [678, 47], [675, 33], [675, 19], [675, 11], [680, 3], [684, -2], [691, -7], [697, -13], [714, -15], [737, -17], [757, -20], [770, -34], [798, -53], [811, -69], [816, -66], [823, -86], [826, -99], [845, -106], [841, -114], [855, -114], [885, -137], [896, -144], [934, -134]]
['LEFT_EYE_OUTER', [700, 671], [701, 658], [693, 642], [687, 647], [675, 644], [674, 637], [676, 643], [676, 646], [680, 646], [691, 616], [691, 563], [688, 490], [688, 425], [689, 361], [690, 316], [694, 282], [696, 257], [702, 251], [705, 246], [704, 240], [704, 228], [698, 220], [687, 212], [671, 197], [653, 187], [641, 174], [634, 156], [628, 139], [621, 115], [618, 82], [623, 54], [625, 17], [629, -30], [631, -57], [623, -34], [620, -44], [622, -60], [673, -110], [832, 545], [1031, 603], [1007, 282], [790, 278], [805, 181], [817, 105], [742, 166], [762, 182], [676, 217], [716, 235], [648, 241], [613, 341], [615, 373], [604, 476], [731, -22], [733, -21], [748, -21], [755, -17], [759, -15], [756, -8], [751, 6], [745, 14], [738, 21], [736, 24], [735, 24], [734, 29], [734, 34], [736, 36], [738, 40], [748, 51], [756, 58], [764, 71], [778, 82], [787, 88], [796, 88], [799, 92], [797, 91], [800, 94], [798, 96], [792, 99], [785, 97], [772, 96], [757, 95], [747, 97], [733, 98], [718, 101], [703, 106], [689, 110], [682, 113], [675, 114], [671, 114], [667, 116], [669, 116], [666, 116], [669, 116], [674, 117], [676, 119], [682, 121], [699, 120], [714, 120], [721, 116], [732, 114], [744, 111], [744, 110], [739, 110], [738, 109], [737, 109], [735, 109], [728, 110], [728, 113], [727, 114], [725, 115], [723, 115], [722, 115], [720, 115], [717, 115], [713, 115], [712, 115], [713, 115], [714, 115], [716, 112], [727, 110], [738, 108], [737, 108], [735, 111], [735, 114], [741, 114], [752, 114], [758, 113], [765, 113], [769, 113], [772, 112], [775, 111], [777, 111], [781, 111], [778, 111], [778, 110], [779, 110], [785, 108], [784, 106], [783, 105], [784, 105], [783, 106], [781, 107], [775, 109], [766, 113], [760, 115], [754, 115], [751, 115], [750, 115], [746, 115], [744, 115], [737, 116], [732, 116], [736, 114], [738, 114], [739, 113], [746, 112], [760, 111], [768, 111], [779, 110], [788, 110], [790, 110], [788, 110], [786, 110], [787, 111], [788, 112], [790, 114], [788, 115], [787, 114], [787, 114], [786, 116], [784, 116], [782, 115], [779, 113], [777, 111], [776, 109], [777, 105], [776, 104], [776, 103], [777, 100], [778, 99], [778, 97], [776, 97], [775, 96], [770, 97], [767, 97], [763, 97], [751, 98], [747, 100], [743, 102], [744, 103], [746, 103], [746, 102], [756, 99], [771, 98], [780, 96], [781, 96], [782, 96], [781, 96], [784, 96], [783, 95], [782, 95], [777, 95], [763, 94], [750, 93], [726, 92], [704, 92], [680, 95], [660, 95], [642, 92], [631, 89], [624, 86], [620, 84], [618, 83], [621, 83], [627, 83], [629, 84], [631, 86], [634, 91], [635, 99], [635, 105], [637, 107], [639, 107], [641, 106], [644, 105], [648, 105], [650, 104], [652, 101], [652, 100], [653, 101], [655, 101], [657, 101], [662, 100], [669, 97], [674, 95], [672, 93], [674, 92], [674, 90], [674, 88], [674, 88], [674, 87], [677, 88], [679, 88], [679, 88], [679, 88], [679, 88], [681, 89], [685, 89], [688, 93], [690, 99], [691, 102], [691, 103], [692, 102], [694, 101], [694, 100], [694, 97], [694, 96], [696, 96], [696, 96], [696, 94], [695, 87], [695, 83], [695, 79], [695, 75], [692, 72], [690, 65], [686, 57], [685, 47], [682, 33], [681, 19], [682, 12], [687, 4], [690, 0], [698, -6], [704, -11], [721, -13], [745, -15], [763, -18], [777, -41], [807, -58], [808, -68], [810, -65], [819, -86], [831, -100], [844, -113], [846, -116], [861, -115], [890, -138], [895, -144], [943, -132]]
['RIGHT_EYE_INNER', [655, 667], [655, 660], [650, 648], [644, 648], [631, 646], [628, 642], [631, 643], [633, 647], [635, 648], [638, 623], [639, 567], [638, 505], [643, 429], [644, 364], [644, 316], [649, 284], [651, 259], [657, 250], [658, 244], [657, 239], [653, 228], [643, 220], [629, 213], [617, 199], [599, 192], [588, 179], [580, 161], [572, 144], [564, 121], [558, 88], [557, 61], [561, 31], [557, -25], [559, -48], [562, -32], [564, -43], [566, -59], [610, -94], [997, 561], [1075, 589], [972, 284], [818, 246], [832, 169], [850, 115], [756, 171], [786, 182], [714, 215], [758, 234], [688, 236], [680, 341], [678, 383], [681, 473], [749, -28], [742, -25], [738, -25], [734, -23], [732, -22], [726, -12], [716, 3], [708, 10], [701, 17], [700, 22], [700, 22], [698, 28], [700, 31], [701, 34], [705, 38], [720, 49], [730, 54], [739, 67], [751, 77], [760, 82], [772, 82], [775, 85], [771, 84], [776, 88], [774, 89], [771, 93], [765, 93], [752, 92], [735, 92], [723, 95], [710, 98], [696, 103], [681, 110], [668, 114], [661, 118], [655, 120], [651, 120], [648, 122], [649, 123], [647, 123], [650, 123], [654, 125], [656, 127], [661, 128], [677, 127], [691, 126], [699, 123], [712, 121], [722, 118], [724, 116], [722, 115], [722, 114], [722, 114], [719, 114], [717, 114], [716, 117], [715, 118], [715, 119], [715, 119], [714, 118], [713, 118], [712, 117], [708, 118], [703, 118], [702, 118], [699, 119], [700, 118], [705, 117], [715, 116], [717, 117], [716, 120], [717, 123], [722, 123], [731, 120], [736, 119], [745, 117], [752, 116], [755, 114], [756, 110], [756, 110], [759, 110], [757, 110], [757, 111], [759, 111], [761, 111], [761, 111], [762, 111], [764, 110], [763, 111], [762, 112], [760, 114], [755, 116], [749, 118], [745, 118], [741, 118], [738, 118], [731, 119], [726, 121], [720, 123], [718, 123], [718, 123], [721, 122], [721, 120], [729, 119], [741, 118], [751, 116], [760, 114], [767, 114], [768, 114], [767, 115], [765, 115], [765, 115], [765, 117], [767, 117], [766, 118], [765, 117], [765, 117], [760, 119], [758, 119], [757, 119], [756, 118], [755, 117], [754, 116], [754, 113], [754, 112], [754, 111], [754, 108], [754, 106], [754, 103], [753, 102], [752, 100], [746, 101], [743, 101], [739, 102], [731, 102], [727, 103], [724, 105], [723, 106], [726, 106], [727, 106], [732, 102], [744, 99], [753, 95], [756, 95], [757, 95], [757, 96], [758, 96], [757, 95], [757, 94], [752, 94], [737, 94], [724, 93], [702, 92], [682, 92], [660, 93], [637, 93], [619, 90], [609, 87], [601, 84], [600, 81], [598, 80], [601, 81], [607, 81], [610, 82], [614, 85], [615, 91], [618, 99], [624, 104], [631, 106], [634, 107], [638, 106], [641, 105], [644, 105], [643, 105], [643, 101], [641, 100], [640, 100], [638, 100], [638, 100], [640, 98], [646, 94], [650, 92], [649, 90], [652, 89], [652, 87], [651, 85], [651, 84], [650, 83], [654, 84], [658, 83], [658, 84], [657, 84], [659, 85], [662, 87], [666, 88], [669, 92], [670, 98], [672, 102], [672, 104], [672, 102], [675, 102], [676, 101], [675, 98], [675, 98], [675, 98], [674, 97], [672, 94], [668, 87], [671, 83], [672, 77], [670, 74], [665, 72], [659, 66], [654, 59], [651, 47], [646, 36], [645, 21], [644, 10], [645, 3], [648, -4], [661, -8], [670, -14], [686, -17], [710, -22], [734, -26], [750, -42], [787, -57], [825, -71], [840, -67], [838, -84], [814, -96], [818, -105], [818, -112], [827, -116], [868, -136], [903, -143], [906, -138]]
['RIGHT_EYE', [648, 666], [648, 660], [643, 648], [636, 648], [624, 646], [619, 642], [622, 643], [626, 648], [628, 649], [630, 623], [631, 567], [630, 506], [634, 430], [634, 366], [635, 317], [639, 285], [641, 260], [647, 251], [647, 245], [647, 240], [643, 229], [633, 222], [621, 214], [609, 201], [590, 194], [578, 181], [570, 163], [562, 146], [554, 123], [547, 91], [545, 64], [549, 34], [545, -20], [547, -42], [549, -30], [551, -40], [553, -57], [621, -107], [936, 551], [1087, 581], [1022, 281], [836, 245], [835, 169], [853, 114], [767, 170], [794, 177], [725, 211], [765, 230], [700, 231], [696, 340], [693, 382], [698, 471], [753, -28], [743, -24], [736, -25], [729, -23], [726, -23], [720, -12], [711, 3], [702, 10], [696, 17], [694, 22], [694, 22], [691, 28], [694, 31], [696, 34], [699, 38], [713, 49], [724, 54], [733, 66], [746, 76], [755, 81], [766, 81], [769, 84], [766, 82], [770, 86], [768, 88], [767, 92], [760, 91], [748, 91], [731, 92], [719, 95], [705, 99], [691, 104], [677, 110], [664, 115], [656, 119], [651, 121], [647, 121], [645, 123], [646, 124], [644, 125], [647, 125], [651, 126], [652, 128], [658, 129], [674, 128], [688, 127], [697, 124], [710, 121], [720, 118], [722, 117], [720, 115], [721, 114], [721, 114], [718, 114], [716, 114], [715, 117], [715, 118], [714, 118], [714, 118], [714, 117], [713, 117], [712, 117], [708, 117], [703, 117], [700, 118], [697, 119], [697, 119], [700, 119], [709, 118], [712, 119], [713, 121], [715, 124], [720, 124], [728, 121], [732, 119], [742, 116], [750, 115], [752, 113], [753, 110], [753, 110], [755, 109], [754, 110], [754, 110], [756, 111], [758, 111], [758, 111], [759, 111], [761, 111], [761, 112], [761, 113], [760, 114], [755, 116], [749, 118], [746, 118], [741, 118], [737, 118], [730, 119], [725, 121], [719, 123], [717, 124], [717, 124], [719, 123], [719, 120], [728, 119], [739, 118], [749, 116], [758, 115], [764, 115], [765, 115], [765, 116], [763, 116], [762, 116], [762, 117], [763, 118], [763, 119], [762, 117], [761, 117], [757, 119], [754, 119], [753, 119], [752, 118], [751, 118], [750, 117], [750, 114], [750, 114], [750, 113], [750, 109], [750, 107], [750, 104], [749, 103], [748, 102], [743, 102], [739, 102], [735, 103], [729, 103], [725, 104], [722, 105], [721, 106], [723, 106], [724, 106], [729, 103], [739, 99], [748, 95], [752, 95], [753, 96], [753, 96], [754, 96], [753, 95], [753, 95], [746, 95], [731, 95], [718, 93], [696, 92], [676, 92], [655, 93], [632, 92], [614, 90], [603, 87], [596, 84], [595, 81], [592, 80], [596, 80], [601, 80], [603, 82], [608, 85], [610, 90], [614, 98], [620, 103], [627, 105], [630, 106], [635, 105], [637, 105], [640, 104], [639, 104], [638, 101], [636, 100], [635, 100], [633, 100], [633, 100], [635, 98], [640, 93], [644, 92], [644, 90], [646, 88], [646, 87], [645, 85], [645, 83], [645, 83], [648, 83], [652, 83], [652, 83], [652, 83], [653, 84], [656, 86], [660, 87], [662, 92], [664, 97], [666, 102], [666, 103], [666, 102], [668, 102], [670, 101], [669, 99], [669, 99], [668, 99], [668, 98], [666, 94], [662, 87], [665, 83], [666, 77], [665, 74], [661, 72], [655, 67], [649, 59], [645, 47], [640, 36], [639, 22], [637, 11], [639, 4], [641, -3], [653, -7], [663, -13], [679, -16], [702, -22], [727, -26], [744, -42], [769, -58], [828, -69], [847, -66], [842, -84], [811, -96], [812, -103], [813, -110], [820, -114], [864, -136], [904, -144], [897, -142]]
['RIGHT_EYE_OUTER', [642, 666], [642, 659], [636, 648], [629, 648], [617, 645], [613, 642], [615, 642], [619, 648], [621, 649], [623, 623], [624, 568], [624, 509], [626, 431], [626, 368], [627, 317], [631, 286], [633, 262], [637, 253], [638, 247], [637, 241], [633, 231], [625, 223], [613, 216], [600, 203], [580, 196], [568, 183], [560, 166], [552, 149], [544, 126], [536, 94], [533, 67], [537, 37], [532, -16], [535, -38], [536, -28], [537, -37], [538, -55], [611, -106], [958, 551], [1105, 574], [1029, 277], [873, 243], [867, 164], [869, 112], [778, 168], [806, 174], [735, 207], [778, 226], [712, 228], [711, 339], [707, 382], [715, 470], [758, -27], [745, -24], [733, -24], [724, -23], [720, -23], [714, -13], [705, 2], [696, 10], [689, 18], [688, 22], [688, 22], [686, 29], [690, 32], [691, 34], [694, 38], [707, 49], [718, 53], [727, 66], [741, 75], [749, 80], [761, 80], [763, 83], [760, 81], [764, 84], [763, 86], [762, 90], [757, 90], [745, 90], [727, 92], [714, 95], [700, 100], [687, 105], [672, 111], [660, 115], [652, 120], [647, 122], [644, 123], [642, 124], [643, 125], [641, 126], [644, 126], [648, 127], [648, 129], [656, 130], [671, 129], [685, 128], [695, 125], [708, 122], [718, 119], [720, 117], [719, 115], [720, 114], [720, 114], [718, 114], [715, 114], [715, 117], [714, 117], [714, 118], [714, 117], [714, 117], [713, 117], [713, 116], [709, 116], [703, 116], [699, 118], [695, 119], [694, 119], [694, 119], [703, 119], [708, 120], [710, 122], [713, 125], [718, 124], [725, 121], [729, 120], [739, 117], [747, 115], [749, 113], [750, 110], [749, 109], [752, 109], [751, 109], [752, 110], [754, 111], [755, 112], [756, 112], [757, 112], [759, 111], [759, 112], [759, 113], [758, 114], [755, 116], [750, 117], [747, 117], [741, 117], [737, 117], [729, 118], [723, 121], [718, 123], [716, 124], [715, 124], [718, 123], [718, 121], [726, 119], [737, 118], [747, 117], [756, 115], [762, 115], [763, 115], [762, 116], [761, 116], [760, 117], [759, 118], [759, 118], [759, 119], [758, 118], [758, 117], [753, 119], [750, 119], [750, 119], [749, 118], [747, 118], [747, 117], [747, 115], [746, 115], [746, 114], [747, 111], [747, 108], [747, 106], [746, 104], [745, 103], [739, 103], [735, 103], [731, 103], [726, 104], [723, 104], [720, 105], [719, 106], [720, 106], [722, 106], [725, 103], [733, 99], [743, 96], [748, 96], [750, 96], [750, 97], [750, 96], [749, 96], [749, 95], [741, 95], [725, 95], [712, 93], [690, 92], [670, 92], [649, 93], [627, 92], [610, 90], [598, 87], [591, 84], [589, 81], [587, 80], [590, 80], [596, 81], [597, 82], [602, 85], [605, 90], [609, 98], [615, 102], [623, 104], [626, 105], [630, 105], [632, 104], [636, 104], [635, 103], [634, 101], [631, 100], [629, 100], [627, 100], [627, 100], [630, 98], [635, 93], [639, 92], [638, 90], [640, 88], [640, 87], [640, 85], [639, 83], [639, 83], [642, 83], [645, 83], [646, 83], [645, 83], [647, 84], [650, 85], [654, 87], [656, 92], [658, 97], [659, 102], [659, 103], [660, 102], [662, 102], [663, 101], [663, 100], [662, 99], [662, 99], [662, 98], [660, 94], [657, 87], [660, 83], [661, 77], [660, 74], [656, 73], [651, 67], [645, 60], [642, 47], [635, 37], [634, 23], [632, 12], [634, 5], [634, -2], [645, -6], [656, -11], [671, -14], [694, -21], [720, -25], [739, -42], [762, -58], [832, -67], [853, -64], [845, -84], [808, -95], [806, -101], [807, -109], [822, -110], [860, -136], [905, -144], [889, -137]]
['LEFT_EAR', [714, 675], [716, 664], [708, 646], [700, 651], [690, 649], [687, 640], [691, 647], [693, 649], [700, 647], [711, 616], [713, 566], [712, 503], [710, 434], [710, 369], [710, 324], [712, 293], [713, 270], [714, 261], [716, 257], [716, 251], [715, 239], [710, 232], [699, 223], [684, 209], [668, 196], [657, 182], [651, 164], [648, 148], [644, 124], [642, 93], [645, 63], [648, 27], [650, -5], [653, -26], [650, -13], [648, -24], [650, -36], [696, -93], [844, 508], [1077, 575], [1035, 226], [815, 230], [919, 97], [900, 46], [796, 118], [807, 132], [685, 167], [737, 185], [669, 187], [607, 296], [621, 323], [591, 437], [727, -10], [737, -8], [756, -8], [764, -4], [767, -2], [764, 1], [762, 12], [754, 20], [746, 29], [743, 32], [742, 34], [741, 40], [741, 43], [743, 46], [744, 51], [751, 60], [759, 68], [769, 79], [782, 88], [791, 95], [798, 97], [801, 100], [801, 99], [801, 102], [800, 103], [798, 106], [789, 105], [776, 103], [764, 103], [754, 105], [742, 106], [727, 108], [714, 112], [701, 115], [694, 119], [687, 119], [685, 119], [680, 120], [682, 120], [680, 120], [682, 120], [686, 120], [687, 122], [696, 122], [711, 122], [726, 121], [736, 119], [745, 117], [757, 114], [761, 113], [758, 111], [757, 111], [756, 110], [752, 111], [748, 111], [747, 112], [746, 113], [745, 113], [744, 113], [743, 113], [741, 113], [737, 113], [733, 113], [731, 113], [732, 114], [731, 114], [731, 113], [737, 112], [748, 110], [752, 111], [752, 112], [753, 113], [757, 114], [766, 114], [772, 114], [774, 114], [777, 114], [780, 114], [783, 114], [784, 114], [786, 114], [787, 114], [788, 114], [791, 114], [799, 112], [800, 110], [801, 109], [801, 109], [799, 110], [799, 110], [793, 111], [785, 113], [780, 114], [773, 114], [770, 114], [767, 114], [763, 114], [760, 114], [754, 115], [748, 115], [750, 113], [753, 113], [753, 112], [761, 112], [776, 112], [784, 112], [795, 112], [803, 113], [804, 114], [803, 114], [801, 115], [800, 116], [801, 117], [801, 117], [800, 118], [799, 118], [798, 118], [797, 118], [796, 118], [795, 116], [792, 115], [791, 113], [791, 111], [791, 109], [790, 109], [791, 108], [792, 106], [792, 105], [792, 104], [791, 104], [789, 103], [785, 103], [780, 103], [775, 104], [765, 104], [761, 104], [758, 104], [758, 105], [761, 105], [762, 105], [766, 104], [778, 103], [787, 102], [790, 102], [791, 103], [790, 103], [792, 103], [791, 103], [788, 103], [779, 101], [767, 100], [752, 98], [726, 98], [705, 98], [681, 101], [663, 101], [645, 99], [631, 95], [624, 92], [620, 90], [617, 89], [618, 89], [623, 90], [624, 91], [624, 93], [624, 96], [627, 102], [629, 107], [630, 108], [631, 109], [631, 108], [632, 108], [634, 107], [639, 107], [645, 106], [646, 105], [651, 106], [658, 106], [662, 106], [669, 106], [676, 103], [678, 102], [677, 100], [679, 98], [679, 96], [678, 96], [679, 95], [678, 95], [679, 95], [680, 95], [680, 95], [680, 95], [679, 95], [680, 96], [682, 96], [684, 98], [686, 103], [687, 105], [687, 105], [687, 105], [689, 105], [690, 104], [691, 101], [694, 101], [699, 101], [700, 101], [699, 100], [699, 94], [698, 89], [698, 85], [698, 81], [697, 78], [697, 72], [695, 64], [693, 53], [691, 39], [690, 26], [690, 21], [696, 13], [700, 10], [707, 5], [714, 0], [731, -3], [754, -1], [770, -2], [774, -12], [813, -43], [801, -47], [798, -46], [808, -74], [843, -91], [858, -101], [865, -105], [877, -106], [896, -127], [889, -130], [950, -120]]
['RIGHT_EAR', [632, 667], [630, 660], [620, 652], [610, 649], [601, 646], [598, 645], [600, 647], [603, 652], [606, 653], [614, 624], [618, 574], [618, 514], [618, 442], [618, 378], [618, 329], [622, 298], [624, 277], [625, 267], [626, 260], [625, 254], [624, 245], [618, 237], [608, 229], [594, 217], [572, 211], [560, 201], [550, 187], [545, 168], [538, 144], [533, 112], [527, 85], [531, 53], [531, 11], [536, -7], [551, -3], [555, -11], [559, -26], [614, -86], [1017, 511], [1154, 533], [1069, 220], [870, 196], [919, 99], [913, 59], [831, 121], [859, 120], [765, 152], [819, 174], [754, 182], [742, 294], [743, 337], [745, 426], [769, -15], [751, -11], [731, -11], [717, -11], [707, -10], [700, -3], [693, 9], [686, 18], [681, 29], [677, 33], [677, 35], [676, 41], [680, 43], [683, 45], [683, 50], [692, 58], [704, 63], [718, 72], [734, 80], [742, 85], [751, 86], [753, 88], [751, 86], [752, 88], [750, 90], [747, 94], [745, 95], [738, 96], [723, 99], [711, 103], [696, 107], [683, 111], [671, 116], [661, 121], [653, 125], [649, 127], [646, 128], [647, 128], [645, 129], [646, 130], [648, 130], [651, 131], [655, 132], [665, 132], [680, 132], [693, 131], [705, 128], [717, 124], [725, 123], [730, 121], [734, 118], [732, 116], [732, 116], [731, 115], [730, 115], [731, 115], [731, 116], [731, 116], [733, 115], [733, 115], [732, 114], [731, 114], [728, 114], [721, 115], [711, 118], [702, 121], [701, 122], [704, 124], [705, 125], [716, 125], [723, 125], [727, 126], [729, 126], [732, 123], [736, 121], [742, 119], [746, 118], [748, 117], [749, 116], [748, 114], [749, 114], [751, 114], [754, 114], [760, 117], [761, 117], [764, 117], [768, 117], [770, 117], [772, 117], [770, 117], [770, 118], [769, 118], [769, 118], [766, 118], [761, 116], [755, 116], [744, 118], [736, 121], [730, 123], [728, 123], [725, 123], [728, 123], [730, 122], [738, 121], [745, 121], [756, 121], [765, 120], [769, 120], [769, 121], [770, 121], [770, 121], [768, 121], [768, 122], [767, 122], [764, 122], [763, 121], [761, 121], [758, 122], [756, 122], [756, 122], [754, 120], [754, 120], [753, 119], [753, 119], [752, 118], [752, 118], [752, 117], [752, 115], [752, 113], [751, 112], [750, 110], [746, 110], [741, 109], [736, 109], [734, 109], [732, 109], [730, 109], [728, 109], [727, 109], [728, 109], [729, 109], [731, 107], [739, 104], [746, 104], [749, 104], [750, 105], [749, 104], [748, 104], [743, 103], [732, 102], [719, 102], [703, 100], [680, 99], [660, 99], [638, 99], [618, 98], [602, 97], [589, 94], [580, 91], [577, 89], [574, 87], [576, 88], [581, 88], [583, 90], [588, 92], [591, 96], [592, 102], [596, 106], [603, 106], [607, 108], [611, 108], [613, 107], [616, 107], [617, 106], [616, 105], [616, 105], [616, 105], [615, 105], [618, 105], [623, 104], [628, 100], [631, 98], [631, 96], [631, 95], [632, 94], [631, 93], [631, 91], [631, 91], [632, 90], [633, 90], [633, 90], [633, 90], [633, 90], [634, 91], [637, 92], [639, 97], [643, 101], [644, 105], [645, 107], [645, 106], [646, 106], [647, 106], [648, 106], [649, 105], [650, 105], [650, 104], [649, 100], [649, 95], [651, 90], [651, 85], [651, 81], [651, 80], [648, 75], [644, 67], [638, 54], [631, 45], [629, 35], [625, 27], [627, 17], [628, 9], [632, 8], [642, 2], [661, -1], [687, -6], [714, -8], [734, -29], [753, -46], [836, -49], [860, -47], [850, -70], [811, -85], [803, -88], [810, -96], [824, -100], [857, -125], [905, -131], [878, -114]]
['MOUTH_LEFT', [688, 710], [688, 702], [681, 684], [674, 686], [663, 682], [664, 681], [664, 683], [665, 688], [672, 689], [677, 667], [678, 611], [675, 531], [677, 462], [678, 407], [678, 359], [681, 325], [684, 303], [690, 296], [691, 292], [690, 286], [689, 276], [683, 268], [671, 261], [658, 248], [641, 241], [632, 227], [625, 210], [615, 195], [608, 175], [601, 145], [603, 122], [609, 95], [612, 53], [614, 25], [608, 25], [608, 15], [608, 8], [642, -24], [890, 434], [970, 504], [961, 214], [795, 206], [874, 82], [877, 46], [749, 98], [781, 123], [703, 152], [741, 165], [673, 180], [636, 257], [636, 296], [619, 374], [740, 0], [740, 3], [743, 3], [745, 7], [745, 10], [743, 18], [734, 39], [727, 49], [721, 56], [721, 57], [721, 55], [720, 60], [721, 64], [723, 67], [727, 72], [739, 83], [745, 87], [751, 99], [761, 109], [769, 114], [780, 114], [782, 117], [779, 117], [783, 121], [781, 123], [776, 126], [773, 125], [763, 123], [748, 122], [737, 123], [723, 125], [711, 128], [697, 132], [684, 135], [678, 139], [672, 140], [669, 141], [665, 142], [668, 142], [666, 143], [669, 143], [672, 143], [674, 145], [683, 146], [701, 146], [715, 145], [723, 142], [734, 140], [745, 137], [744, 136], [739, 136], [738, 135], [737, 135], [735, 135], [732, 137], [732, 139], [731, 141], [730, 141], [728, 141], [726, 141], [725, 141], [723, 141], [719, 141], [715, 141], [716, 142], [716, 142], [718, 139], [728, 137], [740, 136], [739, 136], [738, 138], [738, 140], [741, 141], [750, 139], [754, 138], [761, 137], [765, 137], [767, 135], [769, 133], [771, 133], [775, 133], [773, 134], [774, 133], [777, 133], [783, 133], [781, 133], [781, 133], [783, 132], [782, 134], [780, 135], [775, 137], [769, 139], [764, 141], [759, 141], [755, 141], [753, 141], [748, 141], [746, 142], [741, 143], [737, 143], [739, 142], [741, 141], [741, 139], [747, 137], [759, 137], [768, 137], [778, 136], [785, 136], [786, 136], [785, 137], [783, 137], [783, 138], [784, 138], [786, 138], [785, 138], [784, 136], [782, 136], [778, 137], [778, 137], [777, 137], [776, 136], [775, 136], [775, 136], [775, 134], [773, 133], [773, 133], [775, 129], [775, 128], [774, 126], [771, 125], [768, 125], [761, 125], [758, 125], [756, 125], [747, 125], [743, 128], [739, 130], [740, 131], [742, 131], [743, 130], [751, 127], [762, 125], [771, 124], [773, 124], [774, 124], [773, 124], [776, 124], [775, 124], [774, 124], [769, 122], [753, 122], [741, 120], [718, 118], [697, 118], [673, 122], [650, 121], [635, 118], [624, 115], [618, 113], [616, 112], [614, 111], [616, 111], [622, 112], [625, 113], [629, 116], [631, 120], [633, 129], [633, 134], [635, 135], [638, 135], [643, 135], [647, 134], [650, 133], [650, 133], [651, 131], [650, 130], [650, 130], [651, 129], [650, 129], [654, 128], [659, 123], [663, 123], [662, 121], [665, 119], [665, 116], [664, 115], [664, 114], [664, 114], [667, 114], [669, 114], [669, 114], [668, 115], [670, 118], [673, 120], [678, 121], [681, 126], [682, 130], [684, 132], [685, 133], [685, 132], [687, 132], [688, 132], [689, 129], [689, 128], [689, 128], [689, 127], [687, 123], [686, 114], [688, 111], [689, 107], [689, 103], [686, 101], [682, 95], [678, 89], [675, 81], [672, 69], [672, 55], [672, 49], [675, 40], [678, 32], [686, 20], [694, 14], [709, 13], [731, 8], [752, -2], [764, -10], [792, -25], [810, -35], [822, -31], [821, -34], [825, -44], [842, -63], [845, -68], [858, -65], [886, -82], [899, -84], [927, -56]]
['MOUTH_RIGHT', [659, 705], [659, 700], [654, 684], [644, 685], [633, 681], [634, 682], [635, 690], [638, 697], [641, 697], [647, 668], [648, 614], [642, 537], [643, 465], [644, 408], [644, 357], [646, 327], [649, 304], [655, 297], [656, 293], [655, 289], [651, 280], [642, 271], [629, 263], [618, 249], [603, 245], [594, 231], [586, 215], [577, 199], [570, 180], [563, 149], [562, 126], [567, 100], [566, 53], [568, 25], [570, 26], [571, 17], [573, 13], [629, -34], [955, 418], [1011, 490], [998, 214], [832, 203], [845, 86], [877, 52], [763, 100], [805, 119], [737, 147], [774, 161], [711, 174], [693, 255], [687, 296], [683, 369], [751, -1], [744, 3], [739, 3], [733, 6], [729, 7], [722, 16], [713, 37], [704, 46], [697, 55], [696, 57], [696, 55], [694, 60], [697, 63], [698, 66], [701, 70], [716, 81], [726, 83], [733, 96], [745, 106], [752, 110], [763, 111], [765, 114], [762, 113], [766, 117], [765, 119], [760, 121], [756, 121], [744, 119], [729, 119], [719, 121], [707, 124], [696, 127], [683, 133], [670, 136], [663, 141], [658, 142], [655, 143], [652, 144], [654, 145], [653, 145], [655, 145], [659, 146], [660, 149], [669, 150], [686, 149], [700, 148], [708, 146], [720, 144], [730, 142], [730, 140], [728, 138], [729, 137], [729, 137], [726, 137], [724, 138], [724, 141], [724, 142], [723, 143], [723, 143], [722, 142], [722, 142], [721, 142], [717, 142], [710, 142], [709, 143], [708, 144], [709, 143], [714, 142], [725, 141], [726, 141], [726, 143], [727, 145], [729, 146], [736, 143], [739, 142], [746, 140], [752, 139], [755, 136], [754, 135], [755, 134], [758, 133], [757, 134], [759, 134], [763, 134], [765, 134], [766, 134], [767, 134], [770, 134], [770, 136], [769, 137], [768, 139], [764, 141], [760, 143], [756, 142], [750, 142], [746, 142], [739, 142], [735, 145], [730, 146], [728, 146], [728, 145], [730, 144], [731, 141], [737, 140], [747, 139], [756, 138], [764, 137], [770, 137], [770, 137], [771, 138], [769, 139], [768, 139], [768, 140], [769, 140], [769, 141], [768, 138], [766, 138], [760, 139], [759, 139], [759, 140], [759, 139], [759, 138], [759, 138], [759, 136], [759, 135], [759, 135], [759, 131], [759, 129], [759, 127], [756, 126], [754, 126], [746, 126], [744, 126], [740, 126], [734, 127], [731, 129], [728, 130], [727, 131], [730, 132], [731, 131], [735, 127], [744, 125], [752, 123], [755, 123], [756, 123], [755, 123], [758, 123], [757, 123], [757, 123], [751, 122], [736, 122], [723, 120], [701, 118], [680, 119], [657, 121], [634, 121], [618, 118], [607, 115], [599, 113], [599, 111], [597, 110], [601, 111], [607, 111], [610, 112], [612, 114], [615, 119], [616, 128], [620, 133], [627, 134], [633, 135], [639, 134], [642, 133], [645, 133], [644, 133], [643, 131], [641, 130], [639, 130], [637, 129], [637, 129], [638, 127], [641, 122], [645, 121], [645, 119], [647, 117], [647, 116], [647, 114], [647, 112], [646, 112], [649, 112], [651, 112], [651, 112], [651, 112], [654, 115], [657, 119], [663, 120], [667, 125], [668, 128], [670, 131], [671, 132], [672, 132], [673, 131], [673, 131], [674, 129], [674, 129], [673, 128], [671, 126], [665, 122], [663, 113], [668, 111], [670, 106], [669, 103], [666, 101], [660, 96], [654, 90], [650, 82], [646, 72], [646, 59], [644, 49], [644, 42], [649, 33], [660, 22], [671, 15], [688, 12], [710, 5], [734, -4], [758, -10], [785, -24], [820, -34], [837, -30], [833, -33], [818, -41], [824, -61], [825, -65], [838, -63], [869, -81], [910, -82], [900, -60]]
['LEFT_SHOULDER', [740, 721], [741, 714], [738, 705], [733, 703], [726, 697], [727, 696], [724, 700], [735, 701], [750, 700], [771, 681], [775, 640], [770, 582], [764, 541], [777, 495], [781, 462], [790, 439], [795, 422], [798, 421], [801, 420], [804, 418], [803, 408], [798, 390], [796, 378], [791, 365], [783, 350], [776, 333], [769, 319], [766, 303], [764, 288], [761, 264], [761, 246], [768, 222], [776, 195], [781, 163], [780, 148], [780, 124], [780, 114], [789, 84], [726, 254], [907, 300], [923, 18], [803, 12], [1012, -90], [974, -123], [850, -71], [855, -50], [693, -25], [738, -18], [683, -14], [540, 64], [580, 98], [447, 159], [652, 82], [756, 98], [826, 100], [821, 110], [821, 118], [815, 129], [806, 136], [798, 143], [793, 148], [791, 150], [791, 150], [790, 153], [791, 156], [791, 161], [794, 169], [797, 175], [799, 182], [802, 192], [808, 199], [812, 204], [817, 207], [817, 207], [819, 207], [817, 207], [816, 208], [816, 208], [815, 208], [808, 207], [801, 206], [793, 206], [782, 206], [769, 202], [758, 198], [750, 198], [744, 198], [740, 198], [738, 196], [736, 195], [736, 195], [738, 194], [740, 194], [742, 193], [746, 193], [755, 192], [772, 192], [785, 192], [792, 191], [797, 190], [805, 187], [806, 186], [805, 184], [805, 181], [806, 180], [805, 181], [803, 180], [802, 181], [797, 181], [795, 180], [788, 180], [784, 182], [777, 182], [769, 181], [764, 178], [767, 178], [770, 177], [773, 174], [784, 172], [800, 173], [811, 173], [821, 175], [827, 179], [831, 181], [833, 184], [834, 189], [838, 194], [834, 196], [831, 194], [832, 194], [832, 196], [832, 198], [833, 198], [841, 198], [844, 195], [853, 196], [858, 195], [862, 197], [865, 197], [867, 195], [866, 194], [864, 192], [852, 190], [834, 190], [822, 190], [812, 182], [805, 179], [801, 179], [798, 178], [799, 177], [791, 175], [790, 173], [793, 171], [794, 171], [807, 171], [824, 171], [842, 177], [851, 183], [854, 188], [855, 191], [855, 194], [855, 194], [856, 194], [855, 196], [855, 198], [854, 197], [854, 196], [851, 191], [849, 190], [849, 190], [851, 190], [853, 190], [852, 189], [852, 189], [850, 189], [850, 191], [850, 191], [850, 191], [849, 191], [848, 191], [846, 191], [844, 191], [839, 190], [831, 189], [814, 184], [804, 180], [795, 178], [792, 177], [789, 175], [788, 174], [792, 174], [795, 175], [796, 175], [813, 176], [828, 181], [837, 187], [841, 193], [841, 195], [838, 196], [836, 195], [831, 194], [820, 194], [812, 193], [796, 191], [771, 190], [749, 190], [723, 190], [703, 189], [688, 188], [677, 186], [669, 184], [663, 184], [655, 184], [649, 185], [645, 184], [638, 187], [628, 187], [612, 186], [609, 185], [606, 184], [604, 182], [604, 182], [604, 182], [611, 182], [611, 182], [639, 186], [662, 189], [678, 190], [684, 191], [686, 190], [686, 189], [689, 182], [693, 179], [696, 176], [698, 173], [700, 171], [701, 170], [701, 170], [702, 171], [702, 172], [701, 173], [700, 173], [703, 177], [707, 182], [708, 186], [708, 189], [707, 189], [707, 189], [703, 189], [700, 186], [700, 182], [700, 181], [702, 181], [705, 183], [725, 187], [735, 192], [734, 192], [730, 186], [728, 179], [729, 172], [730, 167], [730, 163], [730, 158], [733, 153], [733, 149], [734, 144], [734, 137], [739, 126], [745, 122], [751, 124], [760, 126], [765, 123], [774, 121], [787, 117], [802, 109], [822, 106], [843, 100], [853, 90], [881, 82], [716, 64], [710, 48], [718, 35], [924, 51], [949, 58], [965, 57], [982, 56], [989, 50], [815, 17], [997, 30]]
['RIGHT_SHOULDER', [626, 718], [623, 718], [614, 710], [594, 711], [587, 710], [582, 711], [584, 715], [591, 718], [592, 718], [602, 697], [596, 671], [590, 620], [570, 576], [560, 520], [555, 482], [557, 456], [556, 443], [557, 430], [556, 428], [556, 430], [554, 426], [550, 420], [544, 414], [535, 405], [524, 397], [515, 386], [508, 378], [506, 363], [503, 348], [504, 321], [499, 301], [503, 273], [499, 261], [500, 236], [501, 212], [504, 190], [514, 180], [537, 148], [1173, 168], [1321, 251], [1126, -22], [1014, -30], [1017, -106], [961, -34], [899, -68], [934, -88], [836, -40], [898, -60], [841, -49], [847, 15], [839, 63], [864, 139], [838, 91], [681, 94], [653, 94], [647, 97], [640, 99], [635, 109], [631, 121], [628, 132], [625, 141], [623, 144], [623, 146], [624, 149], [626, 151], [627, 154], [630, 155], [632, 158], [637, 158], [645, 160], [657, 162], [664, 164], [671, 166], [674, 165], [676, 164], [676, 165], [676, 167], [676, 169], [675, 171], [673, 175], [666, 180], [659, 183], [652, 187], [646, 191], [642, 196], [638, 203], [633, 208], [630, 211], [631, 210], [632, 213], [634, 215], [634, 216], [636, 218], [641, 218], [651, 218], [666, 217], [679, 216], [690, 216], [703, 215], [715, 211], [725, 207], [734, 203], [742, 198], [742, 195], [745, 192], [747, 191], [751, 191], [759, 192], [764, 192], [768, 190], [771, 189], [769, 188], [768, 184], [768, 182], [766, 179], [752, 180], [738, 184], [731, 185], [723, 195], [713, 212], [710, 218], [710, 214], [715, 205], [718, 194], [718, 186], [718, 182], [718, 178], [719, 173], [719, 168], [719, 170], [720, 172], [720, 173], [720, 174], [723, 175], [726, 176], [733, 179], [739, 186], [742, 190], [746, 193], [749, 196], [752, 200], [756, 203], [764, 205], [780, 203], [789, 195], [790, 190], [789, 183], [784, 182], [781, 182], [772, 182], [768, 183], [766, 183], [760, 185], [755, 186], [752, 189], [746, 200], [740, 206], [738, 207], [741, 205], [742, 205], [742, 198], [743, 192], [744, 187], [743, 183], [743, 183], [741, 180], [741, 176], [741, 173], [741, 172], [740, 172], [740, 173], [740, 174], [736, 174], [736, 176], [735, 180], [735, 185], [732, 185], [732, 186], [731, 190], [730, 193], [730, 197], [730, 200], [729, 202], [731, 200], [738, 195], [744, 192], [749, 189], [751, 186], [750, 185], [749, 183], [749, 183], [746, 183], [739, 186], [725, 194], [718, 199], [719, 199], [717, 198], [713, 196], [711, 184], [701, 181], [695, 179], [688, 179], [676, 178], [659, 175], [638, 172], [616, 176], [593, 184], [568, 187], [553, 189], [541, 189], [534, 189], [530, 189], [529, 188], [533, 186], [540, 184], [547, 183], [549, 181], [563, 179], [571, 180], [579, 180], [587, 180], [593, 180], [599, 180], [597, 180], [596, 180], [586, 180], [570, 177], [559, 175], [557, 175], [561, 175], [563, 177], [571, 175], [576, 175], [582, 175], [586, 175], [587, 175], [588, 176], [588, 177], [588, 177], [587, 176], [587, 174], [587, 175], [585, 176], [579, 175], [578, 176], [580, 176], [587, 176], [593, 177], [602, 177], [609, 177], [611, 178], [610, 178], [610, 178], [608, 178], [607, 176], [606, 176], [605, 176], [607, 176], [609, 177], [610, 178], [611, 177], [610, 176], [610, 175], [610, 174], [610, 173], [606, 170], [598, 164], [593, 158], [590, 158], [586, 154], [587, 148], [587, 140], [588, 135], [592, 130], [607, 123], [623, 117], [645, 108], [664, 91], [681, 78], [903, 82], [924, 84], [937, 79], [854, 46], [838, 31], [807, 28], [787, 28], [774, 23], [935, 28], [894, 11]]
['LEFT_ELBOW', [784, 743], [786, 742], [785, 744], [777, 748], [778, 726], [795, 721], [772, 732], [804, 725], [835, 720], [857, 715], [851, 697], [835, 679], [841, 672], [837, 642], [833, 636], [833, 620], [834, 621], [834, 617], [834, 614], [837, 612], [837, 605], [836, 590], [834, 582], [831, 575], [830, 565], [830, 552], [833, 540], [840, 523], [847, 509], [850, 485], [863, 477], [883, 469], [916, 456], [922, 392], [922, 350], [932, 300], [939, 271], [1036, 232], [510, 49], [737, -7], [896, 57], [826, 69], [931, 106], [944, 118], [897, 179], [880, 173], [776, 162], [738, 100], [704, 53], [448, -13], [544, -10], [353, -102], [644, 254], [755, 265], [842, 269], [842, 272], [834, 279], [828, 286], [821, 286], [812, 292], [803, 289], [798, 288], [796, 287], [794, 286], [793, 284], [793, 286], [792, 292], [792, 300], [793, 302], [795, 312], [801, 318], [806, 321], [813, 319], [814, 317], [818, 316], [820, 315], [821, 315], [820, 314], [819, 314], [818, 314], [811, 312], [803, 312], [795, 308], [785, 299], [776, 294], [763, 295], [755, 296], [748, 296], [748, 293], [748, 292], [750, 288], [753, 289], [755, 290], [755, 290], [769, 290], [782, 290], [790, 292], [801, 293], [809, 294], [815, 294], [823, 295], [826, 296], [830, 298], [831, 294], [833, 294], [834, 294], [834, 293], [832, 293], [825, 295], [807, 297], [789, 300], [776, 300], [755, 301], [750, 298], [759, 290], [766, 285], [792, 281], [817, 280], [834, 270], [856, 262], [866, 262], [868, 263], [863, 263], [858, 264], [858, 272], [859, 275], [865, 283], [865, 278], [854, 259], [854, 260], [858, 255], [858, 261], [860, 262], [866, 262], [870, 259], [873, 273], [877, 284], [882, 290], [885, 289], [889, 288], [889, 293], [887, 295], [880, 294], [828, 296], [805, 299], [809, 295], [798, 294], [796, 294], [801, 293], [808, 290], [812, 282], [825, 275], [844, 266], [861, 266], [870, 266], [875, 268], [877, 274], [875, 282], [874, 285], [871, 287], [869, 287], [868, 286], [868, 286], [869, 288], [869, 288], [869, 288], [869, 289], [868, 289], [867, 289], [867, 291], [868, 291], [868, 292], [868, 292], [867, 294], [865, 294], [865, 295], [865, 295], [865, 295], [865, 295], [862, 295], [858, 298], [854, 298], [851, 297], [844, 297], [834, 294], [828, 292], [820, 292], [811, 292], [807, 291], [805, 291], [807, 291], [809, 291], [811, 291], [820, 293], [829, 294], [837, 297], [843, 300], [846, 302], [848, 305], [849, 304], [847, 302], [846, 297], [834, 296], [815, 293], [792, 289], [770, 286], [751, 287], [728, 286], [711, 287], [696, 287], [685, 289], [678, 292], [670, 297], [657, 297], [648, 294], [636, 294], [616, 296], [595, 298], [595, 297], [591, 292], [585, 285], [583, 282], [584, 282], [592, 283], [597, 283], [628, 289], [661, 292], [676, 292], [681, 264], [669, 235], [635, 200], [618, 180], [618, 167], [629, 163], [640, 170], [652, 173], [657, 175], [656, 175], [657, 179], [663, 182], [667, 203], [670, 236], [684, 272], [701, 290], [706, 285], [703, 296], [702, 291], [701, 287], [698, 279], [698, 274], [697, 272], [692, 278], [684, 284], [686, 288], [713, 296], [719, 291], [712, 279], [671, 236], [656, 188], [663, 172], [667, 164], [675, 167], [675, 165], [683, 168], [693, 166], [704, 172], [724, 178], [739, 191], [761, 229], [774, 242], [784, 254], [786, 259], [805, 263], [824, 260], [843, 253], [852, 250], [864, 248], [845, 249], [884, 250], [675, 245], [667, 231], [672, 220], [963, 254], [1012, 267], [1033, 269], [1062, 271], [1082, 273], [1036, 273], [1082, 271]]
['RIGHT_ELBOW', [617, 753], [605, 753], [600, 745], [557, 760], [545, 760], [547, 761], [559, 774], [562, 769], [589, 775], [589, 774], [548, 758], [554, 738], [525, 704], [518, 661], [511, 649], [514, 620], [516, 619], [517, 609], [520, 611], [527, 609], [529, 604], [527, 595], [525, 592], [523, 587], [522, 588], [511, 582], [510, 586], [499, 579], [482, 579], [488, 555], [484, 544], [488, 525], [491, 521], [506, 494], [475, 406], [463, 337], [439, 310], [442, 368], [1265, -241], [1263, -159], [983, 81], [955, 107], [850, 163], [896, 136], [897, 211], [895, 206], [875, 155], [872, 138], [783, 118], [840, -192], [826, -98], [851, -152], [860, 278], [737, 278], [634, 264], [626, 264], [616, 264], [611, 266], [607, 266], [602, 266], [598, 266], [592, 268], [592, 272], [592, 274], [595, 275], [598, 279], [599, 280], [599, 282], [602, 281], [603, 281], [613, 278], [620, 277], [628, 276], [630, 269], [632, 265], [631, 266], [633, 267], [635, 268], [637, 274], [637, 278], [636, 282], [636, 285], [636, 288], [634, 294], [632, 300], [630, 308], [628, 312], [626, 313], [626, 312], [626, 312], [626, 313], [628, 314], [632, 314], [640, 315], [648, 317], [659, 316], [673, 316], [689, 312], [708, 312], [721, 310], [731, 307], [747, 302], [749, 298], [756, 294], [757, 294], [758, 295], [766, 296], [762, 294], [776, 294], [779, 295], [776, 295], [770, 296], [768, 294], [773, 291], [771, 287], [768, 288], [762, 288], [754, 289], [749, 289], [700, 304], [666, 306], [652, 284], [664, 247], [681, 209], [697, 177], [737, 150], [748, 146], [747, 148], [745, 148], [743, 147], [746, 145], [746, 149], [751, 148], [748, 155], [733, 177], [713, 201], [696, 238], [683, 253], [691, 263], [694, 273], [694, 285], [697, 293], [711, 292], [739, 290], [773, 292], [788, 292], [790, 289], [784, 289], [781, 289], [781, 290], [784, 289], [779, 289], [776, 290], [776, 289], [775, 289], [746, 294], [723, 304], [707, 305], [704, 297], [702, 273], [688, 256], [703, 220], [708, 200], [715, 189], [727, 182], [734, 178], [737, 170], [745, 165], [744, 163], [742, 159], [738, 167], [720, 173], [712, 191], [701, 217], [691, 243], [684, 252], [684, 258], [690, 258], [690, 267], [691, 280], [691, 291], [693, 296], [702, 302], [719, 295], [750, 292], [757, 292], [761, 292], [758, 292], [756, 291], [757, 291], [755, 291], [755, 291], [748, 295], [713, 301], [695, 306], [688, 302], [685, 289], [677, 278], [673, 258], [679, 240], [685, 216], [697, 220], [698, 225], [686, 228], [652, 234], [626, 256], [601, 282], [576, 295], [557, 299], [548, 297], [534, 296], [531, 300], [534, 304], [545, 308], [553, 309], [558, 308], [567, 307], [584, 305], [596, 304], [605, 299], [607, 296], [612, 293], [615, 292], [612, 292], [610, 292], [605, 296], [588, 295], [570, 289], [559, 263], [554, 243], [533, 215], [518, 200], [507, 208], [504, 205], [503, 202], [504, 199], [504, 200], [504, 204], [505, 207], [509, 226], [523, 249], [545, 278], [562, 287], [564, 283], [579, 288], [593, 297], [604, 301], [614, 299], [631, 297], [639, 296], [646, 294], [647, 293], [647, 293], [638, 295], [620, 294], [588, 291], [562, 277], [547, 249], [530, 208], [518, 187], [516, 177], [517, 179], [514, 187], [515, 201], [513, 219], [510, 241], [514, 259], [519, 276], [534, 291], [554, 289], [566, 284], [573, 287], [579, 289], [583, 287], [595, 284], [605, 284], [619, 276], [636, 256], [646, 242], [905, 243], [933, 249], [953, 256], [713, 214], [677, 206], [681, 202], [686, 209], [698, 216], [933, 223], [886, 228]]
['LEFT_WRIST', [767, 748], [803, 755], [806, 778], [796, 794], [801, 793], [845, 791], [796, 784], [832, 781], [882, 781], [887, 794], [886, 773], [873, 769], [870, 770], [856, 762], [849, 763], [846, 768], [848, 781], [850, 784], [854, 791], [858, 792], [857, 791], [856, 784], [851, 769], [844, 760], [844, 755], [845, 741], [850, 737], [855, 729], [857, 716], [867, 692], [882, 698], [929, 707], [1037, 711], [970, 645], [972, 336], [1072, 264], [1166, 242], [1232, 250], [400, 148], [606, -170], [968, 355], [871, 310], [950, 437], [970, 462], [958, 501], [960, 503], [923, 487], [875, 351], [863, 351], [588, 127], [639, 138], [411, -217], [605, 399], [713, 403], [844, 419], [849, 426], [844, 430], [835, 431], [826, 429], [818, 428], [811, 418], [804, 416], [799, 409], [796, 405], [796, 395], [793, 395], [792, 397], [792, 405], [792, 407], [796, 417], [806, 422], [812, 420], [823, 420], [834, 420], [840, 419], [843, 417], [844, 411], [844, 409], [841, 406], [840, 406], [824, 402], [808, 398], [796, 395], [786, 390], [771, 388], [753, 387], [740, 383], [727, 383], [722, 384], [726, 383], [735, 382], [739, 383], [746, 387], [761, 387], [770, 388], [774, 388], [777, 391], [781, 392], [784, 393], [792, 397], [799, 402], [810, 402], [818, 404], [824, 401], [823, 402], [819, 401], [818, 400], [795, 398], [771, 392], [739, 392], [711, 384], [688, 371], [663, 363], [661, 347], [668, 332], [682, 326], [685, 328], [725, 337], [768, 340], [801, 334], [814, 331], [812, 330], [806, 317], [793, 308], [788, 297], [791, 288], [808, 284], [830, 286], [839, 272], [847, 280], [857, 285], [860, 287], [861, 288], [866, 289], [871, 290], [866, 302], [863, 308], [860, 312], [859, 314], [848, 315], [831, 317], [810, 319], [786, 322], [744, 326], [708, 334], [720, 333], [704, 333], [700, 338], [709, 345], [725, 355], [752, 362], [783, 361], [812, 361], [837, 364], [853, 363], [862, 362], [857, 364], [844, 365], [835, 362], [835, 354], [833, 338], [831, 331], [828, 335], [826, 337], [833, 339], [840, 351], [856, 360], [858, 370], [862, 375], [865, 380], [868, 382], [867, 384], [864, 385], [862, 392], [861, 392], [861, 391], [860, 390], [857, 390], [854, 386], [846, 386], [836, 396], [829, 398], [824, 396], [812, 396], [800, 395], [794, 395], [783, 395], [773, 395], [767, 395], [760, 395], [757, 394], [755, 393], [761, 391], [766, 388], [768, 388], [786, 388], [801, 390], [824, 401], [846, 404], [859, 402], [866, 398], [864, 392], [858, 390], [850, 387], [823, 384], [803, 381], [784, 375], [772, 370], [756, 368], [740, 368], [730, 369], [712, 374], [693, 384], [670, 385], [655, 382], [653, 380], [639, 369], [618, 369], [612, 360], [608, 355], [601, 346], [594, 345], [600, 345], [608, 347], [610, 348], [632, 360], [666, 375], [665, 373], [658, 302], [584, 231], [537, 168], [523, 119], [526, 96], [547, 102], [547, 119], [571, 128], [578, 129], [579, 131], [580, 130], [582, 133], [582, 141], [586, 165], [608, 218], [623, 276], [674, 328], [696, 375], [720, 368], [719, 350], [718, 328], [713, 312], [705, 306], [703, 319], [686, 332], [697, 350], [700, 378], [685, 354], [651, 272], [589, 168], [588, 95], [605, 86], [613, 96], [620, 116], [622, 122], [624, 125], [626, 117], [622, 114], [623, 122], [624, 130], [648, 190], [705, 272], [776, 375], [820, 383], [878, 385], [906, 375], [915, 348], [920, 339], [928, 340], [781, 387], [837, 413], [618, 400], [604, 393], [616, 387], [1079, 412], [1140, 423], [1179, 431], [1200, 428], [1228, 431], [1096, 448], [1235, 436]]
['RIGHT_WRIST', [649, 722], [625, 744], [615, 739], [540, 811], [531, 822], [547, 804], [565, 805], [590, 760], [609, 800], [584, 825], [543, 838], [543, 836], [510, 835], [494, 777], [488, 764], [483, 752], [490, 759], [498, 761], [497, 763], [498, 754], [508, 741], [514, 716], [515, 703], [523, 698], [524, 706], [515, 704], [510, 710], [484, 714], [461, 726], [461, 708], [431, 710], [447, 716], [451, 712], [475, 683], [465, 323], [431, 358], [433, 257], [433, 430], [1350, -168], [1162, 85], [1046, 419], [992, 464], [915, 474], [909, 479], [917, 529], [910, 512], [909, 487], [796, 471], [769, 425], [830, -159], [808, 73], [838, -258], [864, 437], [742, 433], [587, 403], [578, 398], [576, 393], [572, 393], [566, 386], [566, 384], [560, 382], [558, 381], [562, 382], [566, 382], [569, 382], [574, 381], [578, 382], [581, 382], [590, 376], [599, 375], [605, 372], [612, 372], [616, 372], [618, 365], [618, 363], [618, 365], [619, 366], [618, 366], [618, 368], [621, 368], [623, 368], [624, 366], [624, 366], [621, 372], [619, 381], [615, 391], [612, 393], [608, 391], [603, 390], [598, 389], [595, 388], [593, 387], [594, 387], [596, 386], [608, 386], [631, 386], [644, 386], [660, 382], [671, 381], [683, 375], [695, 365], [708, 360], [719, 357], [739, 357], [738, 369], [742, 373], [743, 375], [736, 358], [738, 354], [734, 371], [732, 373], [712, 367], [700, 355], [729, 357], [729, 357], [721, 358], [719, 345], [727, 345], [726, 347], [653, 357], [594, 357], [570, 299], [585, 227], [696, 147], [777, 123], [850, 98], [860, 113], [846, 132], [826, 131], [814, 127], [833, 125], [844, 118], [852, 105], [843, 103], [840, 116], [798, 135], [736, 168], [669, 241], [631, 286], [616, 311], [612, 330], [619, 343], [639, 346], [657, 349], [711, 361], [722, 350], [756, 370], [744, 367], [737, 365], [740, 361], [751, 354], [755, 355], [756, 357], [758, 360], [756, 366], [704, 365], [667, 370], [641, 369], [637, 344], [647, 300], [679, 243], [729, 196], [795, 165], [821, 150], [832, 135], [832, 136], [830, 140], [832, 143], [831, 145], [827, 145], [822, 143], [816, 146], [813, 149], [793, 152], [758, 170], [718, 196], [672, 244], [649, 263], [625, 285], [614, 313], [616, 341], [631, 359], [648, 371], [672, 369], [721, 373], [731, 372], [732, 375], [732, 376], [731, 376], [732, 376], [729, 374], [728, 375], [710, 376], [676, 381], [645, 382], [636, 356], [629, 309], [649, 245], [703, 175], [746, 165], [783, 163], [805, 180], [801, 187], [780, 190], [762, 198], [728, 206], [696, 232], [664, 268], [641, 304], [620, 337], [599, 348], [597, 362], [605, 376], [621, 387], [629, 392], [641, 392], [652, 385], [658, 374], [661, 372], [662, 357], [662, 348], [661, 339], [661, 339], [662, 342], [662, 355], [663, 376], [660, 382], [643, 375], [591, 310], [609, 232], [525, 177], [487, 123], [495, 111], [511, 108], [529, 111], [540, 118], [545, 126], [548, 127], [547, 131], [546, 135], [547, 142], [548, 180], [614, 237], [639, 292], [650, 347], [672, 378], [693, 378], [706, 362], [720, 345], [724, 331], [729, 325], [729, 325], [726, 338], [718, 365], [712, 371], [658, 356], [576, 257], [549, 165], [543, 97], [546, 86], [560, 89], [570, 102], [572, 108], [561, 118], [554, 129], [545, 136], [535, 142], [524, 147], [517, 213], [528, 283], [531, 362], [536, 409], [537, 417], [550, 413], [559, 410], [566, 407], [573, 397], [684, 376], [644, 389], [953, 424], [994, 435], [1048, 432], [649, 421], [617, 412], [620, 404], [629, 412], [646, 438], [932, 455], [817, 488]]
['LEFT_PINKY', [769, 750], [817, 758], [823, 785], [809, 803], [816, 802], [866, 798], [808, 791], [847, 786], [905, 785], [906, 803], [906, 783], [893, 781], [887, 795], [873, 794], [856, 802], [855, 826], [860, 843], [863, 845], [867, 842], [873, 840], [871, 841], [869, 836], [862, 835], [851, 830], [849, 827], [856, 814], [865, 810], [875, 802], [874, 796], [886, 765], [904, 774], [984, 783], [1081, 784], [1000, 718], [995, 343], [1117, 260], [1230, 233], [1302, 252], [347, 170], [534, -232], [1044, 435], [898, 388], [993, 508], [1015, 519], [1007, 549], [1002, 557], [966, 555], [891, 424], [906, 482], [592, 169], [643, 177], [395, -263], [594, 440], [709, 447], [861, 469], [867, 478], [859, 480], [848, 478], [837, 475], [824, 470], [815, 456], [807, 452], [803, 445], [802, 442], [797, 432], [793, 433], [792, 435], [792, 444], [794, 444], [798, 451], [810, 451], [818, 450], [829, 450], [842, 450], [848, 447], [854, 445], [854, 442], [855, 441], [851, 440], [850, 440], [832, 436], [813, 432], [802, 428], [789, 421], [771, 417], [753, 417], [737, 413], [723, 412], [718, 412], [725, 412], [735, 412], [738, 413], [751, 416], [768, 417], [777, 417], [779, 417], [779, 419], [781, 421], [783, 422], [792, 427], [800, 433], [813, 434], [824, 437], [830, 436], [828, 436], [821, 436], [816, 435], [791, 431], [756, 423], [722, 419], [690, 407], [664, 392], [640, 384], [636, 369], [643, 353], [656, 345], [670, 346], [703, 355], [750, 361], [793, 359], [807, 357], [804, 354], [793, 342], [778, 331], [774, 313], [772, 298], [784, 291], [817, 297], [838, 274], [845, 291], [854, 297], [860, 298], [860, 300], [865, 306], [869, 309], [861, 319], [856, 324], [854, 327], [844, 331], [831, 333], [810, 337], [790, 338], [762, 339], [720, 344], [685, 354], [691, 353], [677, 356], [675, 362], [686, 370], [703, 382], [742, 392], [778, 394], [814, 397], [838, 397], [861, 396], [866, 394], [857, 398], [839, 399], [829, 395], [823, 383], [816, 364], [815, 356], [812, 358], [812, 362], [823, 367], [835, 382], [855, 394], [864, 404], [866, 409], [869, 413], [870, 414], [869, 417], [868, 418], [865, 422], [864, 422], [864, 422], [863, 422], [858, 420], [853, 419], [844, 421], [835, 430], [828, 432], [823, 430], [813, 429], [802, 428], [794, 428], [781, 428], [768, 428], [758, 427], [750, 426], [747, 424], [745, 423], [750, 421], [757, 419], [758, 419], [783, 422], [799, 426], [823, 435], [852, 435], [866, 434], [874, 431], [874, 428], [868, 427], [859, 425], [838, 420], [817, 418], [800, 408], [788, 397], [773, 394], [757, 394], [744, 397], [728, 401], [707, 411], [681, 412], [667, 411], [661, 405], [648, 393], [623, 390], [613, 384], [609, 373], [607, 357], [597, 356], [604, 363], [610, 366], [609, 367], [629, 386], [670, 405], [663, 400], [656, 320], [564, 235], [513, 157], [498, 106], [500, 83], [526, 87], [536, 104], [561, 113], [570, 118], [573, 119], [573, 117], [573, 117], [570, 126], [570, 140], [589, 205], [598, 272], [664, 357], [698, 402], [726, 392], [728, 372], [726, 346], [723, 327], [718, 321], [710, 338], [681, 353], [701, 379], [701, 409], [672, 379], [631, 268], [574, 148], [567, 72], [588, 66], [599, 76], [608, 97], [610, 102], [611, 104], [609, 101], [597, 100], [595, 109], [591, 117], [604, 181], [688, 283], [778, 417], [822, 422], [903, 432], [933, 414], [940, 383], [943, 369], [946, 368], [777, 430], [843, 460], [598, 445], [588, 436], [600, 431], [1119, 462], [1184, 466], [1223, 470], [1242, 472], [1266, 472], [1125, 491], [1267, 477]]
['RIGHT_PINKY', [659, 714], [629, 741], [617, 733], [530, 821], [521, 834], [542, 812], [562, 812], [594, 750], [607, 803], [571, 838], [528, 856], [525, 853], [496, 820], [476, 811], [472, 805], [466, 804], [476, 812], [487, 817], [481, 816], [481, 814], [495, 796], [516, 764], [524, 754], [537, 739], [536, 750], [526, 753], [512, 754], [481, 757], [440, 815], [458, 807], [399, 801], [427, 802], [451, 799], [479, 762], [442, 401], [420, 375], [395, 305], [411, 482], [1379, -163], [1181, 73], [1077, 488], [1031, 535], [949, 542], [942, 528], [954, 559], [941, 545], [912, 524], [765, 471], [822, 509], [846, -161], [803, 104], [842, -307], [868, 481], [749, 477], [568, 441], [563, 433], [564, 432], [561, 432], [551, 423], [550, 421], [548, 419], [545, 419], [552, 419], [556, 420], [560, 419], [566, 419], [567, 418], [581, 419], [592, 410], [600, 409], [604, 403], [609, 402], [612, 402], [612, 396], [611, 396], [612, 397], [612, 398], [611, 398], [611, 399], [613, 399], [616, 398], [619, 396], [618, 396], [617, 399], [615, 405], [610, 413], [607, 416], [600, 415], [591, 414], [584, 413], [580, 410], [577, 408], [578, 407], [580, 404], [590, 405], [618, 405], [633, 406], [647, 404], [659, 401], [671, 393], [682, 385], [696, 379], [709, 374], [729, 380], [730, 396], [736, 402], [738, 410], [728, 383], [729, 382], [723, 402], [708, 401], [690, 390], [679, 378], [719, 381], [716, 379], [710, 381], [703, 368], [716, 367], [716, 367], [636, 376], [566, 370], [545, 303], [623, 216], [720, 132], [812, 103], [882, 94], [885, 115], [870, 143], [852, 144], [839, 140], [860, 140], [869, 122], [878, 101], [871, 94], [860, 104], [815, 113], [753, 143], [665, 232], [609, 296], [591, 325], [589, 345], [593, 359], [618, 360], [640, 364], [695, 373], [698, 368], [733, 398], [720, 397], [721, 388], [724, 386], [744, 379], [749, 384], [756, 389], [753, 384], [753, 394], [690, 389], [649, 393], [621, 390], [616, 363], [626, 314], [675, 244], [731, 199], [817, 160], [851, 143], [860, 127], [859, 127], [857, 140], [857, 146], [857, 150], [853, 149], [849, 144], [842, 144], [838, 143], [815, 146], [774, 147], [727, 179], [666, 233], [630, 265], [602, 295], [590, 326], [593, 356], [610, 374], [633, 392], [657, 391], [712, 399], [722, 398], [724, 400], [726, 403], [728, 406], [728, 406], [724, 404], [724, 405], [700, 401], [657, 407], [624, 408], [613, 378], [609, 316], [629, 228], [712, 158], [765, 149], [810, 152], [831, 174], [824, 182], [798, 184], [779, 192], [757, 202], [724, 222], [691, 265], [665, 306], [635, 350], [614, 371], [612, 390], [625, 404], [639, 412], [647, 416], [650, 415], [661, 407], [669, 396], [673, 391], [674, 373], [673, 360], [671, 353], [670, 354], [670, 358], [671, 380], [673, 402], [669, 408], [650, 399], [604, 334], [620, 232], [521, 169], [473, 104], [483, 88], [509, 90], [534, 96], [546, 103], [551, 113], [554, 113], [552, 110], [549, 111], [547, 123], [548, 155], [629, 226], [659, 290], [663, 369], [683, 404], [708, 401], [722, 383], [734, 359], [739, 342], [745, 334], [745, 337], [744, 356], [732, 390], [720, 400], [666, 378], [579, 250], [548, 142], [542, 73], [554, 64], [572, 70], [586, 83], [588, 92], [574, 97], [566, 101], [557, 106], [543, 113], [532, 120], [514, 181], [516, 284], [519, 399], [528, 456], [532, 458], [538, 455], [546, 449], [554, 448], [556, 437], [679, 411], [663, 435], [973, 471], [1012, 480], [1063, 484], [617, 457], [590, 446], [588, 446], [594, 463], [615, 503], [933, 514], [800, 556]]
['LEFT_INDEX', [760, 746], [810, 758], [814, 786], [802, 805], [807, 805], [856, 800], [803, 788], [837, 785], [891, 786], [892, 807], [892, 788], [878, 787], [868, 798], [868, 799], [834, 811], [832, 838], [833, 857], [834, 856], [838, 852], [845, 849], [845, 845], [841, 841], [837, 836], [829, 829], [826, 827], [827, 817], [829, 815], [844, 813], [847, 809], [849, 756], [874, 763], [954, 777], [1052, 784], [972, 708], [987, 314], [1115, 238], [1231, 217], [1308, 237], [368, 215], [573, -211], [1009, 454], [898, 410], [971, 525], [991, 523], [999, 548], [993, 557], [957, 551], [889, 420], [877, 433], [614, 178], [648, 195], [430, -236], [610, 434], [701, 442], [835, 466], [842, 476], [840, 479], [833, 478], [826, 476], [817, 474], [808, 464], [799, 456], [796, 447], [794, 441], [787, 430], [781, 432], [781, 434], [782, 443], [786, 443], [792, 452], [807, 452], [815, 452], [827, 452], [840, 452], [846, 450], [850, 447], [850, 443], [851, 441], [848, 441], [846, 440], [826, 436], [808, 433], [794, 428], [780, 420], [761, 415], [741, 413], [726, 409], [712, 408], [706, 408], [713, 408], [723, 409], [728, 411], [741, 416], [758, 416], [764, 418], [767, 418], [768, 419], [769, 420], [770, 421], [778, 425], [786, 431], [800, 433], [812, 437], [818, 435], [816, 435], [809, 435], [801, 433], [776, 426], [746, 415], [713, 413], [684, 401], [658, 388], [634, 381], [631, 367], [637, 350], [651, 341], [662, 340], [697, 348], [739, 354], [780, 354], [792, 352], [791, 347], [782, 334], [767, 321], [761, 302], [763, 288], [779, 280], [812, 284], [830, 263], [839, 281], [847, 287], [854, 291], [853, 292], [855, 298], [858, 300], [853, 307], [848, 311], [845, 313], [837, 316], [822, 318], [802, 323], [781, 327], [755, 328], [716, 335], [680, 350], [684, 348], [670, 355], [669, 362], [678, 368], [695, 377], [733, 387], [766, 390], [799, 393], [824, 394], [845, 394], [850, 392], [844, 394], [827, 395], [818, 386], [813, 373], [806, 356], [805, 348], [804, 349], [804, 353], [814, 357], [827, 376], [846, 386], [852, 400], [857, 406], [858, 410], [858, 411], [859, 414], [857, 415], [854, 420], [852, 420], [852, 421], [850, 420], [845, 418], [842, 417], [832, 418], [822, 427], [816, 429], [809, 427], [799, 426], [787, 426], [780, 426], [767, 425], [754, 425], [746, 424], [737, 421], [733, 417], [733, 416], [735, 415], [743, 413], [744, 413], [770, 417], [785, 423], [810, 433], [840, 434], [857, 433], [868, 431], [869, 428], [862, 428], [852, 427], [832, 421], [811, 418], [797, 408], [785, 396], [770, 392], [756, 392], [742, 395], [723, 401], [703, 411], [679, 412], [666, 410], [663, 404], [649, 386], [641, 387], [632, 377], [628, 370], [618, 359], [608, 359], [611, 362], [620, 366], [622, 367], [633, 380], [665, 403], [660, 397], [644, 318], [559, 227], [510, 150], [497, 96], [499, 76], [526, 80], [538, 98], [564, 108], [573, 114], [575, 115], [575, 113], [573, 113], [570, 120], [570, 128], [590, 196], [598, 259], [658, 349], [695, 401], [727, 388], [730, 368], [730, 344], [722, 323], [719, 315], [713, 329], [684, 344], [702, 376], [700, 408], [666, 374], [637, 259], [574, 137], [571, 65], [593, 63], [603, 75], [611, 94], [614, 99], [614, 101], [611, 100], [596, 98], [591, 104], [584, 116], [594, 170], [677, 269], [770, 417], [816, 426], [899, 433], [930, 415], [936, 383], [940, 367], [944, 367], [772, 432], [834, 465], [603, 449], [600, 440], [614, 435], [1113, 466], [1188, 466], [1226, 471], [1237, 474], [1266, 474], [1128, 493], [1278, 479]]
['RIGHT_INDEX', [659, 708], [631, 737], [618, 728], [536, 822], [530, 837], [549, 809], [567, 807], [596, 745], [614, 798], [583, 837], [550, 855], [545, 851], [513, 818], [491, 813], [485, 804], [481, 800], [491, 815], [503, 820], [497, 818], [494, 816], [507, 798], [519, 749], [524, 735], [537, 716], [538, 734], [532, 734], [518, 740], [484, 747], [453, 802], [466, 781], [412, 779], [438, 786], [454, 780], [486, 736], [449, 369], [419, 342], [411, 232], [417, 445], [1391, -107], [1194, 103], [1092, 502], [1048, 539], [972, 549], [952, 536], [954, 564], [941, 551], [934, 526], [868, 477], [857, 525], [853, -137], [827, 125], [860, -280], [847, 474], [742, 474], [586, 442], [578, 435], [577, 435], [572, 433], [564, 425], [563, 424], [560, 421], [557, 420], [562, 420], [566, 421], [571, 420], [575, 420], [576, 419], [591, 419], [602, 409], [609, 407], [613, 402], [617, 402], [619, 401], [620, 394], [619, 395], [621, 396], [621, 397], [620, 398], [620, 398], [624, 399], [628, 397], [629, 393], [628, 394], [623, 397], [619, 404], [614, 415], [611, 418], [604, 416], [593, 414], [585, 413], [580, 409], [576, 405], [576, 404], [580, 401], [585, 401], [615, 401], [631, 402], [645, 400], [656, 398], [668, 389], [680, 380], [695, 375], [709, 371], [729, 378], [729, 394], [733, 400], [736, 410], [727, 382], [728, 374], [721, 397], [701, 396], [682, 386], [674, 373], [716, 377], [714, 375], [708, 376], [696, 362], [713, 363], [712, 363], [634, 372], [562, 366], [545, 299], [636, 214], [726, 131], [818, 99], [886, 93], [887, 115], [874, 146], [861, 148], [849, 146], [867, 145], [873, 125], [881, 102], [874, 93], [863, 101], [817, 116], [755, 143], [669, 227], [609, 290], [591, 321], [588, 341], [590, 354], [615, 358], [638, 363], [691, 370], [692, 363], [730, 396], [719, 385], [713, 379], [716, 381], [741, 377], [744, 383], [752, 389], [751, 384], [747, 390], [688, 385], [646, 390], [619, 387], [615, 360], [627, 310], [686, 240], [740, 194], [822, 154], [855, 141], [863, 127], [861, 127], [861, 140], [860, 146], [860, 150], [857, 148], [852, 143], [846, 142], [842, 139], [821, 142], [777, 146], [730, 175], [670, 227], [632, 261], [602, 289], [589, 321], [591, 350], [607, 371], [630, 391], [655, 390], [711, 397], [722, 398], [723, 403], [725, 403], [727, 406], [726, 405], [722, 402], [723, 404], [699, 400], [656, 408], [624, 409], [613, 376], [609, 309], [623, 220], [714, 152], [764, 140], [813, 146], [832, 167], [826, 176], [798, 176], [780, 182], [758, 193], [724, 209], [691, 253], [667, 299], [643, 339], [625, 360], [624, 382], [635, 398], [649, 407], [654, 411], [662, 409], [674, 401], [680, 389], [683, 387], [682, 368], [682, 355], [678, 347], [678, 348], [678, 353], [679, 374], [682, 398], [678, 403], [658, 393], [610, 329], [621, 222], [520, 159], [476, 99], [486, 85], [512, 86], [538, 93], [550, 100], [555, 111], [558, 111], [556, 108], [553, 109], [549, 120], [549, 147], [619, 213], [659, 278], [671, 359], [694, 398], [718, 393], [730, 375], [740, 353], [742, 335], [746, 326], [748, 328], [750, 347], [740, 383], [737, 396], [676, 371], [582, 242], [551, 133], [547, 68], [559, 62], [578, 70], [592, 84], [594, 91], [581, 96], [572, 101], [564, 105], [549, 108], [537, 117], [515, 166], [518, 270], [528, 395], [536, 458], [541, 459], [551, 455], [558, 451], [564, 449], [565, 438], [680, 408], [659, 437], [969, 475], [1003, 482], [1047, 484], [646, 457], [618, 448], [614, 452], [625, 477], [645, 514], [938, 519], [814, 555]]
['LEFT_THUMB', [758, 744], [801, 757], [804, 783], [792, 802], [796, 803], [842, 799], [792, 788], [826, 784], [877, 787], [879, 806], [878, 789], [865, 789], [857, 795], [855, 792], [826, 796], [823, 816], [824, 832], [824, 831], [827, 828], [832, 825], [832, 823], [827, 820], [822, 812], [814, 803], [812, 800], [813, 781], [814, 784], [826, 786], [831, 784], [833, 729], [835, 733], [929, 757], [1024, 760], [949, 689], [962, 320], [1083, 249], [1190, 229], [1270, 244], [401, 193], [609, -198], [988, 421], [900, 379], [956, 493], [978, 506], [982, 527], [979, 533], [916, 503], [876, 389], [865, 399], [619, 158], [652, 175], [445, -219], [620, 419], [650, 419], [820, 448], [830, 459], [830, 463], [825, 462], [817, 460], [811, 457], [803, 449], [795, 443], [791, 434], [790, 428], [784, 419], [778, 420], [778, 421], [779, 429], [782, 430], [788, 439], [803, 441], [810, 441], [822, 441], [836, 441], [841, 441], [845, 439], [846, 435], [846, 434], [843, 434], [842, 432], [821, 428], [803, 424], [789, 419], [776, 412], [758, 408], [738, 406], [723, 401], [711, 401], [705, 401], [711, 400], [720, 401], [725, 402], [738, 407], [754, 407], [760, 409], [762, 409], [764, 411], [765, 411], [766, 413], [774, 416], [782, 421], [795, 422], [807, 426], [813, 425], [811, 425], [805, 425], [798, 423], [777, 416], [749, 406], [718, 405], [690, 395], [665, 383], [638, 377], [636, 361], [641, 345], [657, 336], [662, 335], [704, 344], [742, 349], [780, 348], [791, 345], [791, 341], [784, 328], [769, 315], [765, 297], [769, 285], [786, 276], [815, 281], [827, 260], [838, 275], [846, 282], [851, 284], [851, 287], [852, 292], [856, 294], [852, 302], [848, 306], [845, 308], [840, 311], [825, 312], [806, 316], [785, 321], [758, 323], [727, 328], [688, 343], [693, 342], [679, 347], [676, 354], [684, 362], [701, 370], [734, 379], [767, 379], [795, 382], [819, 384], [838, 383], [844, 381], [840, 383], [825, 384], [816, 377], [814, 365], [809, 349], [808, 341], [807, 343], [806, 346], [814, 350], [826, 365], [843, 374], [847, 389], [851, 396], [852, 401], [853, 402], [854, 406], [852, 407], [849, 412], [848, 412], [847, 413], [847, 412], [842, 410], [839, 409], [829, 410], [818, 417], [813, 419], [806, 417], [796, 417], [784, 416], [777, 416], [766, 416], [754, 415], [746, 415], [737, 412], [733, 409], [733, 408], [735, 407], [742, 405], [746, 405], [769, 408], [783, 412], [808, 423], [834, 425], [851, 424], [862, 423], [863, 421], [856, 420], [845, 419], [824, 412], [805, 409], [790, 400], [778, 387], [762, 383], [749, 384], [736, 387], [717, 394], [697, 403], [674, 403], [660, 400], [658, 393], [646, 382], [636, 380], [627, 369], [623, 362], [611, 345], [604, 350], [608, 354], [613, 355], [618, 357], [633, 369], [662, 392], [658, 387], [650, 309], [567, 226], [519, 156], [506, 102], [509, 82], [533, 86], [542, 105], [567, 115], [576, 120], [578, 121], [578, 119], [578, 119], [575, 126], [576, 141], [596, 200], [605, 260], [658, 340], [692, 390], [722, 378], [725, 359], [723, 337], [712, 318], [708, 310], [702, 321], [679, 334], [696, 373], [697, 398], [668, 368], [640, 259], [580, 144], [578, 73], [599, 72], [608, 84], [615, 101], [617, 105], [618, 108], [616, 106], [604, 104], [600, 110], [596, 120], [607, 172], [681, 265], [765, 402], [807, 413], [890, 421], [921, 406], [927, 374], [932, 358], [937, 358], [770, 415], [823, 447], [615, 435], [610, 427], [626, 422], [1096, 448], [1170, 455], [1210, 459], [1222, 461], [1247, 463], [1114, 481], [1253, 468]]
['RIGHT_THUMB', [659, 711], [634, 738], [622, 730], [545, 819], [538, 834], [555, 806], [572, 805], [598, 747], [618, 796], [594, 832], [561, 850], [557, 845], [524, 816], [503, 797], [497, 794], [493, 789], [502, 797], [511, 796], [509, 795], [501, 776], [515, 756], [520, 728], [522, 718], [534, 700], [536, 716], [532, 715], [523, 722], [496, 725], [469, 779], [466, 739], [431, 745], [453, 756], [469, 751], [496, 709], [455, 368], [423, 342], [430, 248], [430, 437], [1357, -110], [1177, 85], [1079, 486], [1031, 509], [966, 532], [969, 519], [945, 542], [954, 538], [900, 499], [808, 485], [793, 459], [837, -141], [830, 101], [852, -264], [839, 461], [739, 460], [595, 431], [585, 425], [583, 423], [578, 421], [572, 413], [570, 412], [565, 409], [563, 408], [567, 408], [571, 409], [575, 409], [579, 409], [581, 408], [594, 408], [605, 401], [612, 399], [616, 394], [620, 394], [623, 394], [624, 387], [623, 387], [625, 388], [625, 389], [625, 389], [626, 391], [630, 391], [633, 390], [634, 386], [633, 386], [627, 390], [623, 398], [617, 408], [614, 411], [608, 409], [599, 408], [591, 408], [585, 405], [582, 401], [582, 401], [586, 397], [592, 397], [620, 397], [635, 398], [651, 395], [662, 392], [674, 384], [686, 375], [701, 369], [714, 366], [735, 371], [736, 386], [739, 391], [741, 395], [732, 372], [731, 366], [725, 388], [708, 389], [690, 381], [678, 370], [720, 371], [718, 368], [714, 370], [705, 355], [717, 356], [716, 356], [641, 368], [573, 365], [554, 299], [638, 217], [720, 137], [798, 112], [878, 96], [880, 117], [867, 145], [850, 147], [838, 134], [857, 141], [865, 125], [873, 105], [866, 98], [863, 107], [813, 118], [756, 149], [672, 230], [617, 287], [599, 318], [597, 337], [599, 351], [623, 355], [644, 360], [696, 363], [701, 358], [738, 379], [725, 386], [721, 377], [724, 376], [743, 371], [749, 375], [757, 380], [755, 376], [753, 386], [695, 380], [651, 385], [626, 383], [622, 355], [633, 307], [693, 240], [744, 193], [815, 156], [846, 144], [854, 131], [853, 131], [853, 141], [852, 146], [851, 150], [848, 148], [844, 144], [838, 143], [835, 141], [813, 144], [773, 147], [732, 177], [674, 231], [639, 261], [611, 286], [598, 317], [600, 346], [615, 368], [636, 386], [662, 385], [716, 390], [728, 393], [728, 395], [728, 397], [729, 399], [728, 398], [725, 394], [724, 395], [705, 393], [665, 401], [631, 402], [620, 370], [616, 308], [634, 225], [714, 158], [760, 145], [805, 149], [822, 170], [817, 179], [793, 179], [781, 185], [750, 194], [716, 213], [681, 254], [660, 298], [641, 336], [622, 353], [621, 372], [632, 389], [644, 398], [650, 403], [657, 401], [670, 394], [676, 382], [677, 380], [677, 362], [676, 350], [673, 343], [672, 344], [673, 348], [675, 366], [678, 391], [675, 394], [657, 385], [609, 323], [629, 222], [525, 164], [482, 104], [493, 93], [515, 93], [538, 99], [550, 107], [555, 117], [558, 117], [557, 115], [555, 118], [552, 128], [552, 154], [618, 218], [654, 277], [668, 351], [691, 389], [713, 385], [725, 368], [735, 348], [737, 331], [740, 323], [741, 324], [745, 341], [735, 374], [733, 385], [675, 363], [585, 243], [555, 142], [550, 76], [561, 71], [578, 77], [591, 91], [593, 98], [581, 104], [574, 110], [566, 116], [551, 119], [537, 127], [519, 176], [527, 268], [535, 383], [542, 439], [545, 443], [555, 440], [562, 438], [568, 436], [571, 426], [685, 397], [651, 425], [959, 460], [992, 467], [1044, 465], [664, 442], [633, 434], [632, 437], [643, 458], [659, 488], [935, 502], [815, 534]]
['LEFT_HIP', [698, 817], [703, 817], [703, 804], [697, 805], [695, 803], [695, 803], [695, 813], [711, 813], [727, 812], [744, 796], [745, 765], [738, 730], [732, 704], [739, 702], [741, 698], [746, 698], [751, 708], [750, 722], [752, 732], [755, 737], [753, 739], [752, 732], [748, 729], [740, 727], [737, 724], [732, 721], [729, 721], [726, 719], [726, 718], [725, 712], [725, 712], [725, 707], [725, 693], [737, 685], [737, 678], [737, 669], [738, 673], [745, 660], [626, -635], [824, -562], [820, -801], [748, -795], [924, -852], [894, -879], [831, -839], [814, -810], [641, -800], [672, -817], [622, -802], [543, -715], [573, -675], [509, -592], [682, 386], [724, 391], [758, 388], [764, 387], [767, 388], [764, 389], [758, 389], [753, 393], [752, 397], [750, 396], [749, 396], [748, 396], [747, 396], [747, 396], [745, 397], [744, 403], [744, 402], [744, 402], [744, 402], [746, 401], [750, 401], [750, 400], [750, 396], [750, 396], [750, 396], [748, 395], [748, 395], [746, 395], [742, 395], [739, 395], [736, 395], [733, 394], [725, 394], [722, 394], [719, 394], [717, 392], [715, 390], [715, 388], [717, 388], [718, 388], [721, 388], [725, 388], [737, 394], [748, 395], [757, 397], [769, 398], [773, 397], [779, 397], [781, 399], [781, 399], [778, 399], [779, 397], [779, 395], [780, 396], [778, 398], [775, 400], [773, 400], [767, 399], [766, 393], [766, 392], [766, 392], [766, 391], [762, 387], [764, 388], [766, 388], [769, 388], [777, 387], [787, 387], [797, 387], [801, 387], [798, 385], [795, 383], [793, 384], [794, 384], [795, 384], [794, 380], [794, 377], [796, 375], [797, 376], [798, 376], [799, 378], [799, 383], [802, 383], [802, 383], [802, 386], [803, 391], [805, 395], [807, 397], [807, 396], [807, 398], [806, 398], [803, 397], [798, 398], [795, 390], [792, 389], [790, 386], [787, 385], [786, 383], [780, 383], [776, 385], [776, 390], [777, 391], [784, 391], [797, 391], [802, 392], [802, 396], [801, 396], [800, 396], [799, 396], [799, 396], [798, 396], [798, 396], [798, 397], [801, 391], [803, 388], [803, 382], [803, 379], [804, 381], [804, 381], [804, 383], [804, 385], [804, 388], [804, 389], [803, 389], [803, 390], [803, 390], [803, 390], [802, 391], [799, 395], [796, 398], [795, 396], [790, 396], [776, 396], [771, 394], [761, 394], [761, 395], [763, 396], [762, 396], [763, 396], [764, 395], [772, 395], [782, 395], [787, 396], [789, 399], [790, 401], [790, 401], [789, 400], [788, 400], [786, 399], [782, 399], [772, 399], [766, 398], [748, 396], [729, 396], [710, 398], [696, 395], [678, 393], [661, 391], [649, 389], [643, 389], [631, 389], [625, 389], [617, 387], [614, 388], [609, 389], [600, 389], [600, 391], [601, 391], [600, 390], [603, 390], [604, 393], [606, 393], [607, 392], [612, 393], [622, 393], [628, 390], [634, 389], [638, 393], [640, 393], [642, 392], [646, 392], [649, 391], [650, 391], [651, 391], [651, 392], [653, 392], [653, 392], [654, 393], [655, 393], [658, 391], [660, 389], [662, 389], [661, 387], [660, 389], [660, 390], [660, 390], [660, 388], [660, 388], [661, 386], [663, 385], [665, 388], [665, 391], [666, 391], [670, 390], [676, 388], [679, 388], [685, 390], [689, 392], [692, 393], [696, 393], [698, 392], [698, 393], [700, 394], [705, 398], [713, 399], [717, 399], [720, 397], [724, 396], [733, 398], [741, 398], [751, 398], [756, 399], [764, 400], [778, 400], [796, 396], [785, 389], [805, 392], [785, 392], [783, 392], [780, 393], [865, 394], [892, 400], [890, 410], [898, 421], [890, 428], [872, 434], [918, 433]]
['RIGHT_HIP', [641, 807], [643, 812], [643, 803], [630, 803], [627, 804], [626, 808], [626, 827], [634, 825], [650, 824], [663, 802], [660, 777], [655, 742], [643, 716], [638, 710], [629, 710], [620, 706], [614, 711], [608, 721], [603, 723], [602, 728], [598, 729], [592, 727], [585, 726], [579, 726], [574, 725], [566, 721], [565, 722], [561, 719], [557, 720], [561, 714], [560, 713], [561, 706], [560, 694], [561, 686], [568, 675], [569, 663], [569, 661], [583, 647], [894, -710], [1127, -611], [1056, -809], [953, -811], [947, -867], [925, -899], [822, -886], [845, -883], [812, -851], [864, -850], [810, -838], [797, -738], [799, -703], [797, -598], [760, 395], [715, 392], [681, 385], [667, 383], [655, 383], [654, 383], [652, 383], [649, 386], [646, 389], [644, 389], [644, 389], [644, 389], [646, 388], [646, 389], [648, 390], [649, 396], [649, 394], [650, 394], [654, 393], [659, 392], [665, 389], [667, 384], [669, 381], [669, 381], [669, 381], [669, 381], [669, 382], [668, 383], [668, 383], [667, 384], [665, 385], [664, 386], [662, 388], [660, 391], [658, 392], [656, 392], [656, 391], [656, 390], [658, 390], [661, 390], [665, 390], [668, 390], [677, 394], [689, 395], [698, 395], [708, 395], [717, 395], [725, 394], [730, 394], [736, 392], [737, 392], [737, 391], [737, 391], [739, 392], [740, 394], [743, 395], [752, 395], [748, 395], [750, 391], [749, 388], [751, 387], [751, 385], [751, 383], [745, 384], [744, 385], [742, 385], [740, 385], [735, 386], [736, 386], [738, 386], [737, 384], [733, 379], [731, 379], [730, 379], [730, 377], [731, 375], [731, 372], [731, 370], [731, 371], [731, 372], [732, 372], [733, 376], [735, 376], [737, 376], [738, 378], [740, 385], [743, 389], [747, 391], [750, 391], [753, 394], [753, 394], [759, 393], [763, 393], [767, 386], [766, 385], [765, 382], [764, 380], [764, 380], [763, 380], [760, 381], [752, 386], [750, 388], [747, 388], [748, 389], [746, 389], [743, 389], [740, 388], [740, 387], [739, 387], [740, 386], [739, 386], [738, 386], [738, 387], [738, 383], [738, 381], [738, 375], [739, 374], [739, 375], [740, 375], [741, 378], [741, 381], [741, 383], [741, 384], [741, 384], [741, 384], [741, 384], [741, 385], [741, 386], [740, 390], [737, 391], [735, 390], [735, 390], [733, 390], [733, 389], [732, 389], [732, 391], [732, 392], [733, 392], [733, 392], [733, 392], [733, 392], [733, 392], [730, 392], [727, 392], [724, 392], [721, 391], [717, 390], [712, 390], [704, 390], [697, 391], [687, 391], [679, 391], [664, 392], [647, 396], [632, 400], [616, 399], [599, 398], [584, 397], [573, 394], [568, 394], [559, 392], [554, 391], [549, 389], [549, 390], [550, 391], [554, 391], [554, 393], [553, 393], [556, 393], [557, 395], [558, 397], [558, 397], [559, 396], [559, 395], [559, 394], [558, 387], [559, 385], [561, 387], [564, 386], [568, 386], [573, 386], [577, 385], [579, 385], [580, 385], [580, 385], [581, 386], [580, 386], [581, 386], [581, 386], [583, 384], [583, 382], [583, 382], [583, 381], [584, 383], [586, 385], [586, 385], [588, 385], [588, 386], [590, 386], [593, 386], [594, 387], [594, 388], [594, 386], [595, 382], [600, 379], [604, 379], [608, 382], [613, 385], [615, 387], [618, 387], [620, 387], [622, 387], [625, 389], [628, 392], [631, 393], [631, 393], [630, 392], [630, 392], [632, 397], [635, 397], [638, 401], [640, 401], [647, 400], [658, 400], [679, 399], [710, 397], [728, 397], [825, 402], [848, 403], [830, 407], [789, 407], [777, 406], [773, 405], [773, 413], [798, 425], [867, 438], [829, 417]]
['LEFT_KNEE', [722, 764], [734, 750], [724, 743], [716, 757], [710, 770], [710, 754], [714, 742], [714, 746], [728, 750], [736, 781], [743, 756], [739, 729], [742, 735], [748, 850], [744, 890], [742, 913], [744, 948], [743, 974], [742, 989], [744, 997], [743, 999], [737, 994], [728, 995], [721, 994], [717, 1000], [715, 1003], [716, 1012], [715, 1026], [716, 1043], [717, 1038], [717, 1060], [722, 1077], [728, 1077], [751, 1072], [753, 1065], [752, 1055], [750, 1053], [766, 1041], [571, -1266], [665, -1233], [824, -919], [647, -1279], [985, -465], [989, -396], [879, -370], [893, -487], [571, -1309], [617, -1349], [495, -1349], [483, -1309], [512, -1236], [478, -1198], [668, 609], [702, 616], [724, 621], [737, 620], [742, 620], [743, 619], [741, 612], [739, 612], [736, 608], [733, 601], [732, 592], [731, 590], [732, 584], [732, 577], [734, 576], [735, 577], [736, 576], [737, 578], [737, 575], [738, 573], [741, 568], [741, 557], [740, 554], [740, 554], [740, 554], [738, 553], [738, 552], [738, 547], [736, 542], [736, 541], [735, 537], [728, 536], [722, 538], [718, 538], [714, 535], [714, 534], [714, 534], [716, 529], [721, 527], [731, 527], [738, 528], [747, 526], [754, 527], [763, 528], [769, 533], [777, 537], [779, 538], [786, 542], [793, 545], [786, 542], [784, 547], [781, 548], [780, 547], [784, 549], [782, 551], [779, 551], [764, 550], [760, 549], [758, 542], [760, 541], [761, 539], [761, 535], [760, 528], [769, 529], [767, 530], [772, 532], [774, 530], [783, 533], [785, 533], [789, 533], [787, 530], [786, 528], [785, 527], [790, 527], [789, 526], [789, 523], [789, 518], [789, 514], [792, 514], [793, 515], [795, 516], [803, 518], [808, 518], [806, 518], [805, 540], [800, 539], [799, 543], [795, 544], [796, 545], [797, 548], [801, 550], [802, 551], [799, 553], [798, 549], [793, 548], [788, 534], [788, 535], [776, 531], [761, 529], [769, 530], [772, 535], [780, 540], [789, 548], [798, 551], [797, 551], [796, 550], [795, 537], [795, 531], [791, 531], [791, 533], [788, 533], [788, 536], [791, 536], [794, 533], [794, 530], [793, 521], [793, 523], [796, 524], [797, 529], [799, 533], [801, 540], [802, 551], [801, 550], [800, 549], [799, 548], [798, 548], [798, 548], [795, 548], [791, 551], [791, 551], [790, 550], [788, 549], [782, 542], [778, 540], [765, 540], [760, 541], [758, 542], [753, 542], [751, 541], [755, 542], [765, 543], [773, 543], [776, 543], [780, 543], [792, 547], [799, 552], [796, 552], [800, 554], [797, 554], [796, 556], [789, 557], [779, 559], [774, 559], [766, 559], [750, 558], [738, 558], [722, 556], [700, 549], [684, 544], [671, 544], [654, 548], [641, 554], [631, 554], [634, 554], [632, 551], [629, 551], [628, 551], [628, 551], [627, 550], [628, 550], [628, 550], [629, 549], [629, 548], [630, 548], [631, 549], [631, 549], [632, 549], [632, 554], [633, 556], [634, 556], [637, 557], [639, 558], [641, 558], [641, 559], [642, 561], [642, 565], [643, 567], [644, 567], [644, 566], [645, 565], [645, 564], [645, 562], [646, 559], [646, 558], [647, 557], [648, 557], [649, 555], [651, 555], [653, 554], [654, 554], [655, 555], [655, 559], [654, 558], [654, 556], [656, 554], [659, 553], [663, 555], [668, 556], [673, 560], [678, 560], [680, 559], [679, 560], [679, 560], [678, 568], [687, 576], [697, 582], [712, 583], [723, 582], [731, 601], [748, 614], [763, 621], [766, 625], [772, 632], [780, 628], [796, 628], [773, 643], [767, 646], [737, 662], [750, 658], [793, 666], [849, 673], [867, 674], [871, 679], [874, 707], [872, 741], [860, 719], [889, 713]]
['RIGHT_KNEE', [624, 764], [631, 770], [630, 770], [630, 803], [632, 815], [622, 799], [615, 793], [617, 795], [638, 800], [639, 808], [636, 790], [642, 754], [639, 765], [638, 867], [630, 894], [618, 915], [612, 950], [597, 970], [596, 986], [599, 997], [596, 999], [586, 995], [575, 996], [567, 996], [560, 1000], [557, 1008], [559, 1020], [551, 1029], [551, 1049], [550, 1047], [548, 1071], [551, 1086], [552, 1084], [556, 1083], [557, 1062], [557, 1041], [552, 1040], [557, 1032], [800, -1370], [947, -1299], [1003, -810], [957, -1212], [1040, -382], [1034, -318], [1032, -358], [1011, -612], [830, -1256], [855, -1305], [736, -1337], [736, -1310], [735, -1236], [734, -1194], [737, 625], [696, 619], [679, 619], [666, 613], [655, 609], [652, 604], [651, 591], [653, 595], [653, 595], [652, 587], [650, 582], [646, 579], [648, 578], [649, 576], [650, 577], [651, 580], [652, 575], [653, 575], [656, 569], [660, 568], [663, 563], [664, 550], [665, 545], [667, 547], [667, 542], [665, 540], [663, 538], [660, 532], [659, 528], [657, 527], [656, 523], [656, 524], [656, 526], [656, 527], [655, 528], [655, 527], [655, 527], [655, 526], [657, 525], [659, 524], [662, 523], [664, 521], [669, 522], [673, 522], [681, 522], [689, 522], [696, 522], [700, 523], [704, 522], [714, 518], [720, 523], [723, 526], [727, 526], [724, 527], [722, 527], [729, 527], [740, 526], [738, 524], [738, 523], [737, 522], [741, 522], [739, 521], [737, 518], [729, 519], [728, 519], [727, 520], [726, 520], [722, 527], [722, 528], [722, 528], [722, 525], [721, 523], [721, 523], [720, 523], [720, 522], [720, 520], [720, 513], [720, 510], [721, 512], [722, 512], [722, 515], [722, 524], [723, 524], [724, 524], [724, 527], [724, 530], [726, 529], [727, 530], [730, 530], [733, 530], [734, 528], [735, 526], [735, 525], [739, 520], [738, 519], [739, 516], [739, 515], [738, 515], [740, 513], [740, 513], [735, 518], [734, 521], [729, 524], [729, 528], [727, 529], [724, 529], [722, 527], [721, 521], [721, 521], [722, 521], [723, 521], [722, 522], [722, 523], [723, 520], [723, 517], [725, 513], [727, 511], [729, 512], [730, 512], [730, 515], [730, 519], [730, 526], [730, 527], [729, 528], [728, 527], [728, 527], [728, 528], [728, 529], [727, 533], [726, 532], [724, 532], [721, 531], [721, 528], [721, 524], [721, 521], [722, 521], [726, 522], [731, 522], [731, 522], [731, 523], [731, 527], [730, 527], [724, 527], [715, 529], [703, 528], [696, 528], [690, 528], [682, 531], [668, 536], [656, 540], [651, 544], [643, 552], [622, 556], [604, 563], [595, 564], [586, 564], [580, 562], [575, 561], [570, 560], [563, 559], [557, 559], [554, 559], [555, 558], [558, 558], [559, 556], [560, 555], [560, 556], [561, 556], [562, 556], [563, 556], [563, 557], [563, 557], [564, 556], [565, 555], [563, 552], [559, 550], [559, 548], [559, 551], [566, 551], [569, 553], [571, 554], [575, 554], [577, 554], [579, 554], [579, 555], [578, 559], [578, 560], [578, 561], [578, 561], [578, 561], [578, 557], [578, 553], [578, 553], [579, 553], [579, 552], [578, 551], [578, 549], [578, 551], [581, 551], [585, 551], [585, 551], [586, 551], [588, 549], [591, 545], [595, 543], [597, 544], [599, 549], [607, 554], [617, 563], [623, 565], [629, 563], [635, 567], [643, 570], [646, 576], [649, 582], [649, 585], [649, 588], [646, 586], [644, 608], [643, 619], [643, 627], [645, 631], [648, 631], [654, 625], [670, 625], [730, 625], [754, 635], [830, 669], [833, 670], [837, 681], [829, 686], [824, 687], [831, 698], [834, 718], [835, 726], [846, 716], [805, 712]]
['LEFT_ANKLE', [694, 768], [708, 769], [705, 763], [697, 783], [697, 803], [697, 780], [702, 749], [701, 750], [714, 755], [716, 812], [730, 778], [728, 729], [741, 808], [749, 983], [744, 1036], [737, 1074], [739, 1128], [735, 1171], [734, 1196], [737, 1211], [737, 1219], [736, 1219], [732, 1223], [727, 1228], [722, 1239], [721, 1256], [725, 1274], [724, 1298], [724, 1326], [726, 1320], [726, 1352], [726, 1384], [727, 1406], [754, 1407], [753, 1380], [750, 1366], [744, 1395], [752, 1389], [484, -1856], [560, -1866], [740, -1312], [665, -1806], [1007, -507], [1036, -187], [878, -345], [829, -825], [562, -1836], [590, -1867], [503, -1894], [471, -1897], [483, -1769], [458, -1741], [651, 826], [687, 814], [722, 802], [734, 790], [751, 770], [754, 760], [746, 735], [747, 748], [741, 732], [740, 714], [735, 713], [727, 715], [724, 699], [723, 680], [723, 669], [728, 682], [731, 687], [736, 690], [736, 690], [739, 692], [739, 699], [739, 686], [738, 684], [738, 683], [738, 684], [739, 684], [743, 678], [748, 674], [747, 673], [746, 666], [746, 659], [746, 651], [745, 655], [744, 657], [740, 651], [739, 653], [741, 655], [754, 650], [765, 647], [779, 644], [784, 645], [793, 640], [798, 643], [802, 644], [801, 652], [808, 653], [806, 656], [810, 659], [815, 661], [814, 656], [809, 655], [808, 663], [808, 667], [806, 673], [802, 681], [790, 680], [785, 679], [780, 682], [776, 681], [782, 680], [778, 680], [779, 671], [780, 671], [794, 677], [793, 676], [805, 666], [803, 654], [804, 647], [802, 649], [802, 652], [800, 649], [787, 641], [788, 644], [788, 645], [788, 646], [791, 638], [793, 630], [795, 611], [809, 612], [807, 607], [806, 613], [806, 617], [807, 625], [807, 636], [807, 663], [801, 669], [801, 671], [799, 666], [801, 675], [805, 675], [809, 686], [810, 689], [808, 693], [808, 689], [806, 685], [802, 679], [800, 672], [795, 671], [780, 670], [782, 670], [782, 672], [784, 674], [784, 675], [802, 677], [808, 677], [801, 668], [797, 652], [794, 641], [793, 647], [794, 648], [788, 648], [788, 660], [793, 659], [797, 655], [798, 649], [801, 645], [800, 657], [799, 657], [794, 670], [794, 674], [795, 673], [795, 685], [792, 682], [789, 680], [787, 677], [788, 672], [788, 672], [788, 667], [786, 666], [797, 659], [797, 659], [797, 658], [792, 653], [792, 663], [780, 667], [772, 677], [775, 681], [772, 680], [774, 679], [787, 678], [797, 677], [800, 669], [798, 658], [801, 641], [802, 642], [815, 655], [815, 659], [816, 668], [813, 675], [809, 680], [808, 685], [804, 690], [804, 693], [803, 694], [794, 688], [779, 682], [763, 680], [726, 662], [694, 660], [668, 663], [650, 676], [642, 690], [636, 691], [637, 694], [640, 694], [636, 697], [634, 697], [632, 697], [629, 694], [630, 693], [629, 694], [630, 693], [628, 692], [629, 691], [628, 691], [629, 691], [629, 690], [630, 692], [630, 693], [631, 694], [631, 695], [633, 695], [634, 695], [636, 697], [636, 697], [636, 700], [637, 703], [637, 707], [637, 706], [639, 707], [640, 706], [641, 706], [641, 700], [641, 698], [642, 698], [642, 698], [642, 697], [642, 697], [641, 694], [641, 692], [641, 692], [641, 694], [638, 695], [640, 694], [643, 694], [647, 692], [649, 691], [653, 691], [656, 691], [660, 689], [660, 688], [659, 675], [658, 662], [658, 666], [660, 668], [669, 677], [676, 673], [687, 676], [710, 756], [760, 788], [773, 805], [778, 807], [787, 797], [792, 790], [802, 764], [783, 823], [764, 822], [749, 866], [761, 848], [793, 865], [844, 882], [861, 898], [874, 907], [887, 935], [875, 918], [846, 908], [871, 902]]
['RIGHT_ANKLE', [653, 760], [675, 766], [668, 761], [665, 792], [665, 810], [653, 808], [647, 758], [639, 761], [655, 767], [676, 813], [670, 788], [670, 734], [638, 823], [642, 998], [628, 1042], [616, 1079], [612, 1134], [592, 1171], [589, 1198], [595, 1213], [595, 1218], [588, 1219], [579, 1223], [570, 1229], [564, 1240], [562, 1259], [568, 1278], [563, 1293], [561, 1325], [564, 1325], [564, 1352], [563, 1382], [558, 1403], [566, 1412], [569, 1372], [569, 1354], [556, 1370], [559, 1371], [653, -1932], [808, -1950], [818, -1343], [793, -1769], [930, -422], [959, -114], [888, -345], [857, -828], [746, -1852], [750, -1873], [672, -1905], [682, -1895], [677, -1800], [688, -1753], [727, 835], [701, 827], [666, 807], [669, 803], [675, 786], [681, 723], [683, 715], [682, 728], [683, 732], [678, 730], [672, 719], [670, 714], [671, 713], [672, 707], [673, 710], [673, 710], [674, 709], [674, 710], [674, 709], [674, 710], [674, 697], [674, 688], [674, 684], [673, 689], [671, 680], [671, 668], [671, 653], [670, 643], [670, 637], [670, 634], [671, 634], [671, 638], [672, 641], [673, 643], [673, 643], [673, 644], [674, 644], [676, 644], [676, 644], [676, 644], [676, 644], [677, 644], [677, 644], [678, 644], [679, 644], [680, 644], [683, 643], [689, 644], [701, 643], [714, 642], [730, 648], [735, 654], [737, 654], [736, 656], [736, 657], [745, 658], [753, 658], [749, 658], [752, 658], [748, 658], [750, 658], [748, 658], [748, 656], [743, 658], [743, 658], [742, 658], [741, 658], [738, 661], [737, 662], [737, 662], [736, 662], [735, 661], [735, 661], [734, 661], [734, 661], [734, 661], [734, 659], [735, 659], [735, 660], [735, 661], [735, 662], [735, 662], [735, 663], [735, 663], [734, 663], [735, 664], [737, 664], [738, 664], [740, 663], [740, 663], [740, 663], [740, 662], [740, 662], [741, 661], [741, 661], [741, 660], [741, 660], [742, 660], [748, 657], [749, 657], [748, 657], [745, 659], [740, 661], [740, 663], [739, 663], [739, 662], [739, 662], [738, 659], [738, 658], [740, 658], [739, 656], [737, 657], [737, 659], [736, 658], [735, 655], [735, 653], [735, 653], [735, 653], [735, 653], [735, 653], [735, 653], [737, 655], [738, 657], [738, 658], [737, 658], [737, 659], [737, 659], [737, 660], [737, 660], [736, 660], [736, 659], [736, 659], [735, 659], [738, 660], [738, 657], [744, 657], [745, 657], [749, 656], [748, 655], [748, 655], [741, 656], [740, 658], [738, 657], [734, 656], [726, 653], [718, 653], [702, 654], [681, 658], [652, 671], [634, 680], [618, 690], [606, 698], [580, 701], [562, 705], [564, 705], [566, 706], [566, 704], [563, 703], [562, 701], [563, 701], [561, 701], [561, 703], [564, 704], [566, 704], [565, 704], [562, 704], [562, 704], [562, 704], [561, 703], [561, 703], [562, 703], [561, 702], [562, 702], [562, 700], [562, 699], [562, 698], [563, 697], [566, 698], [567, 698], [568, 699], [569, 700], [569, 700], [569, 701], [570, 703], [570, 703], [569, 705], [569, 705], [569, 705], [569, 705], [570, 706], [570, 706], [570, 705], [571, 705], [570, 705], [569, 703], [569, 699], [570, 698], [570, 698], [570, 698], [571, 698], [571, 698], [572, 697], [573, 697], [577, 694], [588, 689], [599, 691], [608, 700], [612, 704], [614, 709], [622, 710], [631, 710], [638, 717], [647, 731], [649, 737], [652, 736], [652, 732], [656, 731], [652, 730], [654, 756], [661, 770], [659, 790], [661, 796], [662, 799], [667, 795], [700, 799], [755, 820], [786, 822], [829, 866], [827, 857], [821, 880], [820, 884], [799, 905], [810, 919], [810, 946], [810, 954], [828, 946], [793, 929]]
['LEFT_HEEL', [680, 772], [695, 777], [694, 771], [687, 790], [687, 810], [687, 786], [690, 760], [690, 757], [703, 762], [708, 821], [722, 783], [721, 727], [737, 817], [752, 1007], [747, 1067], [739, 1104], [742, 1160], [734, 1204], [737, 1230], [743, 1245], [746, 1254], [745, 1255], [743, 1258], [741, 1264], [737, 1274], [736, 1292], [742, 1311], [741, 1338], [742, 1366], [748, 1360], [749, 1396], [749, 1434], [752, 1462], [780, 1464], [775, 1430], [771, 1416], [762, 1447], [765, 1441], [480, -1945], [580, -1971], [709, -1361], [635, -1850], [1008, -533], [1057, -181], [885, -365], [830, -887], [563, -1894], [587, -1927], [502, -1949], [476, -1976], [487, -1847], [460, -1818], [652, 864], [684, 840], [718, 824], [733, 811], [753, 790], [757, 779], [749, 751], [748, 767], [740, 748], [733, 717], [724, 718], [717, 718], [712, 698], [712, 684], [712, 673], [715, 685], [720, 692], [727, 696], [728, 697], [733, 698], [732, 699], [732, 694], [731, 693], [731, 694], [732, 694], [736, 693], [740, 689], [742, 684], [743, 685], [744, 676], [743, 669], [742, 662], [742, 667], [743, 668], [740, 663], [738, 664], [741, 665], [765, 663], [778, 660], [782, 661], [793, 658], [796, 654], [803, 656], [800, 661], [799, 667], [805, 667], [808, 668], [812, 671], [814, 674], [810, 674], [809, 673], [808, 685], [808, 689], [811, 695], [810, 703], [803, 703], [794, 698], [794, 706], [790, 705], [801, 705], [796, 704], [796, 696], [792, 691], [806, 700], [805, 700], [815, 687], [813, 675], [811, 667], [808, 669], [808, 672], [802, 671], [785, 662], [786, 665], [787, 667], [784, 668], [785, 660], [786, 651], [787, 628], [801, 630], [800, 623], [800, 629], [798, 630], [799, 642], [801, 657], [805, 684], [802, 690], [804, 691], [802, 685], [806, 695], [812, 696], [818, 709], [819, 712], [817, 718], [817, 713], [816, 710], [813, 704], [812, 697], [807, 695], [789, 691], [794, 693], [794, 695], [795, 697], [796, 697], [809, 699], [804, 698], [798, 686], [793, 670], [790, 659], [791, 667], [791, 667], [785, 669], [786, 681], [789, 678], [794, 674], [795, 667], [798, 663], [798, 678], [796, 678], [794, 692], [794, 696], [795, 696], [795, 708], [793, 704], [791, 703], [787, 698], [787, 690], [788, 690], [788, 684], [787, 682], [799, 676], [799, 676], [800, 674], [799, 669], [801, 682], [795, 688], [788, 700], [789, 705], [787, 700], [788, 694], [804, 697], [811, 696], [812, 690], [810, 676], [808, 657], [807, 658], [806, 669], [806, 673], [804, 683], [805, 684], [800, 688], [791, 703], [780, 711], [782, 710], [780, 709], [782, 698], [776, 692], [758, 689], [718, 677], [685, 677], [658, 678], [637, 689], [633, 700], [625, 702], [626, 704], [629, 706], [622, 711], [623, 711], [621, 710], [618, 708], [618, 708], [619, 708], [619, 707], [617, 705], [618, 704], [618, 704], [618, 704], [619, 701], [620, 703], [622, 703], [623, 704], [624, 704], [626, 704], [628, 704], [629, 704], [629, 705], [629, 705], [631, 708], [631, 712], [631, 712], [635, 713], [636, 713], [637, 712], [637, 705], [637, 703], [636, 703], [636, 704], [636, 704], [635, 704], [634, 701], [633, 700], [633, 700], [633, 701], [630, 702], [633, 701], [638, 701], [642, 700], [642, 697], [646, 696], [648, 696], [651, 694], [650, 693], [650, 681], [649, 672], [647, 674], [649, 676], [658, 677], [665, 675], [675, 678], [702, 775], [753, 813], [767, 832], [771, 832], [784, 819], [788, 811], [787, 805], [775, 850], [758, 843], [753, 907], [769, 886], [793, 901], [838, 915], [853, 924], [868, 933], [884, 958], [873, 940], [834, 937], [861, 927]]
['RIGHT_HEEL', [662, 765], [685, 775], [677, 766], [675, 793], [673, 810], [659, 791], [653, 760], [645, 762], [662, 765], [690, 814], [682, 780], [679, 727], [639, 834], [645, 1021], [629, 1074], [615, 1112], [611, 1169], [590, 1205], [586, 1234], [595, 1249], [598, 1252], [592, 1255], [582, 1258], [573, 1265], [568, 1277], [566, 1297], [573, 1317], [568, 1332], [565, 1365], [567, 1365], [568, 1395], [569, 1430], [562, 1454], [572, 1463], [574, 1417], [574, 1398], [557, 1412], [557, 1418], [638, -2015], [854, -2080], [794, -1405], [790, -1805], [917, -446], [960, -111], [880, -354], [859, -870], [725, -1930], [731, -1947], [657, -1975], [676, -1976], [681, -1887], [688, -1836], [727, 870], [707, 857], [669, 831], [673, 826], [679, 808], [683, 793], [686, 721], [687, 731], [687, 732], [683, 729], [676, 720], [675, 717], [674, 711], [674, 707], [681, 715], [680, 711], [680, 710], [690, 730], [686, 717], [684, 714], [684, 702], [683, 694], [682, 690], [679, 696], [678, 692], [679, 681], [679, 667], [680, 657], [682, 651], [684, 649], [686, 649], [687, 653], [688, 656], [690, 658], [690, 658], [690, 659], [692, 659], [691, 659], [691, 661], [691, 661], [689, 662], [689, 662], [690, 662], [691, 663], [693, 663], [694, 663], [694, 663], [703, 664], [714, 664], [729, 664], [748, 668], [751, 675], [752, 675], [754, 676], [756, 677], [761, 678], [771, 678], [768, 679], [768, 680], [764, 680], [765, 680], [763, 680], [763, 680], [760, 680], [759, 680], [760, 680], [759, 682], [756, 683], [754, 683], [753, 683], [752, 683], [748, 683], [749, 683], [749, 683], [748, 683], [749, 683], [749, 682], [749, 682], [749, 682], [749, 682], [749, 683], [749, 684], [749, 684], [751, 685], [752, 684], [752, 684], [752, 683], [752, 683], [755, 683], [755, 683], [756, 683], [756, 683], [756, 683], [756, 683], [756, 683], [756, 682], [757, 682], [760, 682], [764, 681], [765, 682], [764, 681], [762, 683], [759, 684], [758, 685], [758, 685], [757, 685], [757, 685], [757, 684], [757, 683], [758, 682], [756, 681], [754, 681], [752, 682], [751, 680], [750, 676], [750, 675], [750, 675], [751, 675], [751, 675], [751, 675], [751, 676], [754, 679], [755, 680], [756, 682], [756, 682], [755, 682], [755, 683], [755, 683], [754, 683], [754, 683], [754, 683], [754, 683], [754, 683], [754, 683], [754, 681], [757, 681], [759, 680], [764, 679], [764, 679], [764, 679], [758, 679], [756, 679], [753, 678], [751, 677], [744, 674], [736, 674], [713, 674], [692, 677], [664, 686], [644, 694], [624, 702], [611, 709], [580, 711], [565, 711], [565, 710], [569, 713], [570, 712], [568, 711], [566, 710], [565, 710], [564, 710], [565, 710], [567, 711], [566, 711], [565, 710], [560, 712], [561, 712], [561, 711], [558, 711], [559, 711], [559, 711], [559, 710], [559, 710], [559, 708], [561, 707], [564, 706], [568, 706], [570, 707], [571, 707], [573, 709], [573, 709], [573, 710], [573, 710], [574, 711], [574, 711], [574, 711], [574, 711], [574, 711], [575, 711], [575, 711], [575, 711], [575, 711], [575, 710], [572, 710], [570, 708], [570, 707], [571, 706], [571, 706], [571, 706], [573, 706], [574, 705], [574, 705], [574, 705], [579, 703], [593, 700], [604, 701], [615, 704], [618, 706], [620, 742], [627, 744], [631, 747], [635, 761], [639, 775], [641, 780], [644, 781], [651, 777], [659, 775], [656, 772], [663, 780], [673, 791], [669, 813], [671, 820], [670, 821], [673, 817], [703, 819], [762, 844], [795, 844], [831, 903], [829, 892], [817, 910], [824, 911], [801, 929], [812, 943], [814, 970], [814, 982], [817, 979], [789, 941]]
['LEFT_FOOT_INDEX', [699, 785], [714, 785], [711, 781], [706, 808], [703, 831], [708, 819], [715, 759], [713, 766], [724, 772], [720, 843], [738, 834], [735, 763], [747, 857], [741, 1050], [734, 1104], [725, 1144], [725, 1203], [707, 1244], [706, 1273], [707, 1287], [706, 1290], [704, 1291], [697, 1297], [687, 1305], [681, 1320], [680, 1339], [681, 1358], [675, 1382], [672, 1415], [675, 1408], [672, 1439], [667, 1475], [666, 1497], [683, 1499], [705, 1460], [705, 1450], [702, 1478], [718, 1483], [423, -1982], [417, -1988], [746, -1409], [696, -1976], [1028, -415], [1016, -23], [875, -246], [837, -774], [533, -1992], [559, -2024], [480, -2066], [457, -2043], [440, -1889], [449, -1884], [633, 850], [677, 854], [722, 854], [733, 851], [752, 833], [754, 822], [746, 796], [751, 806], [749, 791], [742, 786], [739, 787], [733, 785], [732, 764], [741, 742], [742, 723], [754, 735], [756, 730], [759, 729], [757, 725], [758, 732], [763, 748], [757, 720], [754, 718], [754, 720], [755, 731], [754, 731], [752, 719], [752, 714], [745, 708], [742, 706], [739, 703], [739, 697], [738, 698], [737, 699], [733, 692], [734, 691], [734, 696], [735, 697], [744, 698], [762, 695], [774, 696], [785, 694], [791, 694], [792, 694], [785, 701], [793, 700], [787, 704], [787, 704], [792, 701], [787, 695], [787, 695], [783, 705], [775, 712], [769, 721], [755, 729], [745, 724], [717, 709], [724, 713], [722, 703], [730, 703], [724, 699], [725, 695], [724, 694], [756, 712], [761, 711], [785, 707], [790, 697], [805, 690], [802, 687], [807, 687], [798, 688], [798, 685], [800, 684], [807, 685], [813, 686], [821, 673], [823, 665], [825, 641], [843, 642], [839, 640], [835, 648], [831, 662], [837, 665], [834, 672], [808, 704], [792, 708], [795, 712], [794, 707], [792, 717], [792, 715], [788, 724], [777, 730], [765, 729], [762, 725], [759, 725], [758, 713], [761, 703], [756, 704], [714, 703], [725, 703], [734, 704], [736, 715], [760, 718], [783, 720], [789, 713], [792, 705], [792, 691], [793, 679], [792, 685], [791, 693], [789, 697], [789, 709], [806, 708], [808, 703], [811, 697], [809, 692], [800, 705], [795, 707], [779, 719], [782, 721], [785, 719], [780, 732], [775, 728], [772, 726], [774, 723], [789, 707], [792, 706], [794, 702], [778, 703], [799, 696], [801, 695], [793, 697], [778, 697], [761, 710], [734, 713], [713, 713], [718, 711], [711, 709], [724, 706], [739, 714], [763, 717], [775, 710], [786, 702], [802, 691], [813, 692], [818, 704], [815, 708], [819, 712], [819, 721], [818, 730], [819, 735], [815, 739], [825, 736], [823, 734], [820, 726], [799, 723], [791, 720], [759, 712], [723, 713], [693, 718], [688, 731], [674, 750], [660, 744], [681, 743], [692, 741], [691, 739], [691, 738], [690, 736], [671, 717], [680, 720], [682, 721], [669, 720], [666, 718], [666, 719], [664, 719], [662, 724], [654, 724], [659, 736], [661, 739], [662, 739], [662, 740], [659, 736], [659, 739], [660, 743], [658, 745], [651, 749], [652, 757], [652, 762], [653, 761], [656, 760], [658, 759], [659, 759], [656, 757], [670, 747], [672, 747], [666, 747], [667, 743], [667, 743], [667, 743], [666, 731], [662, 731], [661, 744], [650, 745], [649, 733], [649, 729], [650, 731], [652, 729], [657, 726], [664, 726], [670, 726], [675, 725], [673, 711], [674, 702], [674, 706], [683, 742], [686, 769], [687, 743], [700, 742], [720, 825], [781, 855], [797, 867], [797, 873], [800, 865], [803, 857], [805, 855], [761, 891], [739, 889], [717, 891], [733, 877], [803, 906], [866, 938], [880, 972], [891, 982], [898, 1015], [882, 987], [869, 968], [878, 988]]
['LEFT_FOOT_INDEX', [699, 785], [714, 785], [711, 781], [706, 808], [703, 831], [708, 819], [715, 759], [713, 766], [724, 772], [720, 843], [738, 834], [735, 763], [747, 857], [741, 1050], [734, 1104], [725, 1144], [725, 1203], [707, 1244], [706, 1273], [707, 1287], [706, 1290], [704, 1291], [697, 1297], [687, 1305], [681, 1320], [680, 1339], [681, 1358], [675, 1382], [672, 1415], [675, 1408], [672, 1439], [667, 1475], [666, 1497], [683, 1499], [705, 1460], [705, 1450], [702, 1478], [718, 1483], [423, -1982], [417, -1988], [746, -1409], [696, -1976], [1028, -415], [1016, -23], [875, -246], [837, -774], [533, -1992], [559, -2024], [480, -2066], [457, -2043], [440, -1889], [449, -1884], [633, 850], [677, 854], [722, 854], [733, 851], [752, 833], [754, 822], [746, 796], [751, 806], [749, 791], [742, 786], [739, 787], [733, 785], [732, 764], [741, 742], [742, 723], [754, 735], [756, 730], [759, 729], [757, 725], [758, 732], [763, 748], [757, 720], [754, 718], [754, 720], [755, 731], [754, 731], [752, 719], [752, 714], [745, 708], [742, 706], [739, 703], [739, 697], [738, 698], [737, 699], [733, 692], [734, 691], [734, 696], [735, 697], [744, 698], [762, 695], [774, 696], [785, 694], [791, 694], [792, 694], [785, 701], [793, 700], [787, 704], [787, 704], [792, 701], [787, 695], [787, 695], [783, 705], [775, 712], [769, 721], [755, 729], [745, 724], [717, 709], [724, 713], [722, 703], [730, 703], [724, 699], [725, 695], [724, 694], [756, 712], [761, 711], [785, 707], [790, 697], [805, 690], [802, 687], [807, 687], [798, 688], [798, 685], [800, 684], [807, 685], [813, 686], [821, 673], [823, 665], [825, 641], [843, 642], [839, 640], [835, 648], [831, 662], [837, 665], [834, 672], [808, 704], [792, 708], [795, 712], [794, 707], [792, 717], [792, 715], [788, 724], [777, 730], [765, 729], [762, 725], [759, 725], [758, 713], [761, 703], [756, 704], [714, 703], [725, 703], [734, 704], [736, 715], [760, 718], [783, 720], [789, 713], [792, 705], [792, 691], [793, 679], [792, 685], [791, 693], [789, 697], [789, 709], [806, 708], [808, 703], [811, 697], [809, 692], [800, 705], [795, 707], [779, 719], [782, 721], [785, 719], [780, 732], [775, 728], [772, 726], [774, 723], [789, 707], [792, 706], [794, 702], [778, 703], [799, 696], [801, 695], [793, 697], [778, 697], [761, 710], [734, 713], [713, 713], [718, 711], [711, 709], [724, 706], [739, 714], [763, 717], [775, 710], [786, 702], [802, 691], [813, 692], [818, 704], [815, 708], [819, 712], [819, 721], [818, 730], [819, 735], [815, 739], [825, 736], [823, 734], [820, 726], [799, 723], [791, 720], [759, 712], [723, 713], [693, 718], [688, 731], [674, 750], [660, 744], [681, 743], [692, 741], [691, 739], [691, 738], [690, 736], [671, 717], [680, 720], [682, 721], [669, 720], [666, 718], [666, 719], [664, 719], [662, 724], [654, 724], [659, 736], [661, 739], [662, 739], [662, 740], [659, 736], [659, 739], [660, 743], [658, 745], [651, 749], [652, 757], [652, 762], [653, 761], [656, 760], [658, 759], [659, 759], [656, 757], [670, 747], [672, 747], [666, 747], [667, 743], [667, 743], [667, 743], [666, 731], [662, 731], [661, 744], [650, 745], [649, 733], [649, 729], [650, 731], [652, 729], [657, 726], [664, 726], [670, 726], [675, 725], [673, 711], [674, 702], [674, 706], [683, 742], [686, 769], [687, 743], [700, 742], [720, 825], [781, 855], [797, 867], [797, 873], [800, 865], [803, 857], [805, 855], [761, 891], [739, 889], [717, 891], [733, 877], [803, 906], [866, 938], [880, 972], [891, 982], [898, 1015], [882, 987], [869, 968], [878, 988]]